ACCIDENT_YEAR,COLLISION_DATE,COLLISION_TIME,MONTH,SEASON,24HOURS,DAY_OF_WEEK,INTERSECTION,WEATHER_1,STATE_HWY_IND,ROAD_SURFACE,ROAD_COND_1,LIGHTING,STWD_VEHTYPE_AT_FAULT,CHP_VEHTYPE_AT_FAULT,DIRECTION,PCF_VIOL_CATEGORY,TYPE_OF_COLLISION,PEDESTRIAN_ACCIDENT,BICYCLE_ACCIDENT,MOTORCYCLE_ACCIDENT,TRUCK_ACCIDENT,MVIW,TOW_AWAY,HIT_AND_RUN,CONTROL_DEVICE,NUMBER_INJURED,COUNT_PED_INJURED,COUNT_BICYCLIST_INJURED,COUNT_MC_INJURED,PCF_VIOLATION,PARTY_COUNT,POINT_Y,POINT_X,COLLISION_SEVERITY
2013,2013-04-12,1132,4,1,11,5,N,A,Y,A,H,A,A,07,W,09,D,,,,,C,Y,N,D,2,0,0,0,21801.0,2,37.9732284,-120.3944556,4
2013,2013-04-19,1230,4,1,12,5,Y,A,N,A,H,A,A,01,,09,D,,,,,C,N,N,A,2,0,0,0,21802.0,2,37.9887551,-120.3788429,4
2013,2013-08-21,1401,8,2,14,3,N,F,Y,A,H,A,D,22,E,05,A,,,,,C,Y,N,D,1,0,0,0,21460.0,2,38.1604606,-120.0569693,3
2013,2013-08-25,1345,8,2,13,7,N,A,N,A,H,A,A,01,N,05,A,,,,,C,Y,N,D,3,0,0,0,21460.0,2,37.8322071,-120.4791391,2
2013,2013-08-24,1545,8,2,15,6,N,A,N,A,H,A,A,01,S,03,E,,,,,I,Y,N,A,1,0,0,0,22350.0,1,37.89581927,-120.56365013,4
2013,2013-08-20,1100,8,2,11,2,N,A,Y,A,H,A,A,01,S,08,E,,,,,I,Y,N,D,1,0,0,0,22107.0,1,37.8601951,-120.4236429,4
2013,2013-08-08,1515,8,2,15,4,N,A,N,A,H,A,A,01,S,01,E,,,,,I,Y,N,D,1,0,0,0,23152.0,1,37.9531115,-120.3077964,3
2013,2013-08-27,1015,8,2,10,2,N,A,Y,A,H,D,A,01,N,08,E,,,,,I,N,N,D,1,0,0,0,22107.0,1,38.0204012,-120.2470071,4
2013,2013-08-10,1925,8,2,19,6,N,A,Y,A,H,B,C,02,W,08,F,,,Y,,A,N,N,D,1,0,0,1,22107.0,1,38.3400413,-119.7821106,2
2013,2013-08-06,815,8,2,8,2,N,A,N,A,H,A,A,01,E,01,E,,,,,I,Y,N,D,1,0,0,0,23152.0,1,37.9835351,-120.3309381,4
2013,2013-08-30,1205,8,2,12,5,N,A,Y,A,H,A,D,22,W,03,A,,,,,C,Y,M,D,1,0,0,0,22350.0,2,37.8396882,-120.2239519,4
2013,2013-09-03,1255,9,3,12,2,N,A,Y,A,H,A,A,01,N,08,E,,,,,I,Y,N,D,1,0,0,0,22107.0,1,37.8316474,-120.3433389,4
2013,2013-08-30,1705,8,2,17,5,Y,A,N,A,H,A,D,22,,09,D,,,,,C,Y,N,D,1,0,0,0,21802.0,2,37.963115,-120.2845229,3
2013,2013-09-10,910,9,3,9,2,N,A,Y,A,H,A,D,22,N,08,E,,,,,I,Y,N,D,1,0,0,0,22107.0,1,38.013889,-120.3955571,3
2013,2013-09-11,1110,9,3,11,3,N,A,Y,A,H,A,-,- ,S,05,B,,,,Y,C,Y,N,D,1,0,0,0,21460.0,2,37.7809414,-120.2731661,4
2013,2013-09-13,1845,9,3,18,5,N,A,N,A,H,A,A,01,W,09,A,,,,,C,Y,N,D,1,0,0,0,21801.0,2,37.9770212,-120.3212735,3
2013,2013-09-07,1045,9,3,10,6,N,F,N,A,H,A,A,01,S,03,E,,,,,I,Y,N,D,1,0,0,0,22350.0,1,37.9669062,-120.4161493,2
2013,2013-09-18,1330,9,3,13,3,Y,A,Y,A,H,A,A,07,,09,D,,,Y,,C,Y,N,D,1,0,0,1,21801.0,2,37.8436024,-120.5077799,4
2013,2013-09-13,1230,9,3,12,5,N,A,Y,A,H,A,A,01,S,03,C,,,,,C,Y,N,D,2,0,0,0,22350.0,3,37.9575452,-120.4197802,4
2013,2013-09-09,1100,9,3,11,1,Y,A,N,A,H,A,A,01,,08,A,,,,,C,N,N,A,1,0,0,0,22100.0,2,38.041565,-120.2525829,3
2013,2013-09-13,2050,9,3,20,5,N,A,N,A,H,D,A,07,N,01,E,,,,,I,Y,N,D,1,0,0,0,23152.0,1,37.95425255,-120.32817721,3
2013,2013-09-21,1630,9,3,16,6,N,B,N,B,H,A,A,01,S,08,E,,,,,I,Y,N,D,1,0,0,0,22107.0,1,37.831818,-120.2373846,4
2013,2013-09-21,1615,9,3,16,6,N,B,Y,C,H,A,A,01,W,03,E,,,,,I,Y,N,D,1,0,0,0,22350.0,1,38.3208665,-119.6626535,3
2013,2013-09-17,1105,9,3,11,2,N,A,Y,A,H,A,C,02,W,08,H,,,Y,,A,N,N,D,1,0,0,1,22107.0,1,37.8190219,-120.2749892,2
2013,2013-08-15,2245,8,2,22,4,N,A,N,A,H,C,A,07,E,08,F,,,,,A,Y,N,D,1,0,0,0,22107.0,1,37.95205018,-120.4182592,3
2013,2013-08-18,1350,8,2,13,7,N,A,Y,A,H,A,A,01,E,08,E,,,,,I,N,N,A,1,0,0,0,22107.0,1,37.8415692,-120.6235129,3
2013,2013-09-29,1340,9,3,13,7,N,A,Y,A,H,A,D,22,S,03,C,,,,,C,N,N,A,1,0,0,0,22350.0,2,37.9565956,-120.4216015,4
2013,2013-09-21,1925,9,3,19,6,N,B,Y,B,H,D,A,01,W,08,E,,,,,I,Y,N,D,1,0,0,0,22107.0,1,37.9783518,-120.3427109,4
2013,2013-09-18,1815,9,3,18,3,Y,A,Y,A,H,A,A,01,,09,D,,,Y,,C,Y,N,A,3,0,0,2,21802.0,2,37.9846372,-120.2905914,2
2013,2013-09-26,815,9,3,8,4,N,A,Y,A,H,A,A,01,E,03,C,,,,,C,Y,N,D,1,0,0,0,22350.0,2,37.8368531,-120.2351085,4
2013,2013-09-28,930,9,3,9,6,N,A,Y,A,H,A,C,02,W,08,A,,,Y,,C,N,N,D,1,0,0,1,22107.0,2,37.8224966,-120.2766783,4
2013,2013-10-07,1010,10,3,10,1,N,A,Y,A,H,A,-,- ,E,18,H,,,Y,,H,Y,N,D,1,0,0,1,,1,38.2456805,-119.9997828,4
2013,2013-10-03,1525,10,3,15,4,N,A,N,A,H,A,A,07,E,07,B,,,,,C,Y,N,D,1,0,0,0,21658.0,2,37.9775114,-120.3171063,4
2013,2013-10-03,1400,10,3,14,4,N,A,N,A,H,A,A,07,E,03,C,,,,,C,N,N,D,1,0,0,0,22350.0,2,37.9737985,-120.3710452,4
2013,2013-09-09,1509,9,3,15,1,N,A,N,A,H,A,A,01,W,03,B,,,,,C,Y,N,D,2,0,0,0,22350.0,2,38.0037731,-120.4023688,3
2013,2013-09-06,1255,9,3,12,5,N,A,Y,A,H,A,A,01,N,03,C,,,,,C,N,N,A,1,0,0,0,22350.0,2,37.9566741,-120.4214495,4
2013,2013-10-08,1805,10,3,18,2,N,A,N,A,H,A,A,07,N,03,C,,,,,C,Y,N,D,1,0,0,0,22350.0,2,37.9589069,-120.3118791,4
2013,2013-10-12,1220,10,3,12,6,Y,A,N,A,H,A,D,22,,09,A,,,,,C,Y,N,D,2,0,0,0,21801.0,2,38.0223451,-120.3817228,3
2013,2013-09-26,1818,9,3,18,4,N,A,Y,A,H,A,E,22,S,01,E,,,,,I,Y,N,D,1,0,0,0,23152.0,1,37.9917826,-120.4594968,3
2013,2013-09-27,1520,9,3,15,5,N,A,N,A,H,A,-,- ,N,05,B,,,,,C,Y,N,D,1,0,0,0,21460.0,2,38.0115488,-120.271018,4
2013,2013-10-07,1924,10,3,19,1,N,A,N,-,H,D,D,22,S,09,D,,,Y,,C,Y,N,D,2,0,0,2,21804.0,2,37.9608974,-120.4179462,2
2013,2013-08-12,2100,8,2,21,1,N,A,Y,A,H,D,D,22,N,05,B,Y,,,,B,N,M,D,1,1,0,0,21650.0,2,37.9675576,-120.3947325,3
2013,2013-08-08,1653,8,2,16,4,N,A,N,A,H,A,A,01,E,03,C,,,,,C,N,N,D,2,0,0,0,22350.0,3,37.9756969,-120.3619798,4
2013,2013-10-05,1020,10,3,10,6,N,A,N,A,H,A,D,22,W,01,E,,,,,I,Y,N,D,2,0,0,0,23152.0,1,37.90465205,-120.35311461,2
2013,2013-10-17,1708,10,3,17,4,N,A,Y,A,H,A,C,02,W,03,F,,,Y,,A,Y,N,D,1,0,0,1,22350.0,1,37.9754659,-120.3589793,3
2013,2013-10-16,1500,10,3,15,3,N,A,Y,A,H,A,A,07,E,03,C,,,,,C,Y,N,D,1,0,0,0,22350.0,2,37.9855179,-120.2892779,4
2013,2013-10-20,1733,10,3,17,7,Y,A,N,A,H,B,A,07,,12,D,,,,,C,Y,N,A,2,0,0,0,21453.0,2,37.96548003,-120.23961995,3
2013,2013-10-07,1520,10,3,15,1,N,A,N,A,H,A,C,06,S,01,F,,,Y,,A,N,N,D,1,0,0,1,23152.0,1,38.0008405,-120.3191133,3
2013,2013-10-11,1340,10,3,13,5,N,A,N,A,H,A,C,02,E,03,F,,,Y,,A,N,N,D,1,0,0,1,22350.0,1,37.991524,-120.4099251,3
2013,2013-10-07,1500,10,3,15,1,N,A,Y,A,H,A,A,07,W,03,C,,,,,C,Y,N,D,6,0,0,0,22350.0,2,37.9803315,-120.3078488,3
2013,2013-10-11,1605,10,3,16,5,N,A,N,A,H,A,A,01,N,08,E,,,,,I,Y,N,D,1,0,0,0,22107.0,1,37.9637228,-120.2840165,3
2013,2013-10-06,1126,10,3,11,7,N,A,Y,A,H,A,-,- ,N,08,F,,,,,A,N,N,D,1,0,0,0,22107.0,1,37.7601651,-120.2534128,4
2013,2013-10-06,1125,10,3,11,7,N,A,Y,A,H,A,C,02,N,08,F,,,Y,,A,N,N,D,1,0,0,1,22107.0,1,37.7601651,-120.2534128,4
2013,2013-07-26,1036,7,2,10,5,N,A,N,A,H,A,F,26,E,03,C,,,,Y,C,N,N,A,2,0,0,0,22350.0,3,37.97663424,-120.37914276,4
2013,2013-07-09,1813,7,2,18,2,N,A,N,A,H,A,D,22,W,17,H,,,Y,,J,N,F,D,1,0,0,1,22109.0,2,37.9757096,-120.3622221,3
2013,2013-10-25,610,10,3,6,5,Y,A,N,A,H,D,A,01,,09,D,,,,,C,Y,N,A,1,0,0,0,21804.0,2,37.977505,-120.3171328,4
2013,2013-10-24,2220,10,3,22,4,N,A,N,A,H,D,A,01,N,01,E,,,,,I,Y,N,D,1,0,0,0,23152.0,1,37.8883137,-120.5223073,3
2013,2013-10-26,1900,10,3,19,6,N,A,N,A,H,D,D,22,W,01,E,,,,,I,Y,N,D,1,0,0,0,23152.0,1,38.0325176,-120.2726934,3
2013,2013-10-25,1300,10,3,13,5,N,A,Y,A,H,A,A,01,W,03,D,,,,Y,C,Y,N,A,2,0,0,0,22350.0,2,37.8912333,-120.4883101,3
2013,2013-07-10,1142,7,2,11,3,N,A,N,A,H,A,-,- ,E,21,G,Y,,,,B,N,F,D,1,1,0,0,22106.0,3,37.97589776,-120.36632359,3
2013,2013-07-29,1600,7,2,16,1,Y,A,N,A,H,A,-,- ,,00,G,Y,,,,B,N,N,A,1,1,0,0,,2,37.9820951,-120.3821228,4
2013,2013-10-25,130,10,3,1,5,N,A,N,A,H,D,A,01,E,08,F,,,,,A,Y,N,D,1,0,0,0,22107.0,1,37.9651663,-120.2799495,3
2013,2013-10-30,1030,10,3,10,3,N,A,Y,A,H,A,A,01,W,08,F,,,,,A,Y,N,D,1,0,0,0,22107.0,1,37.8464053,-120.564148,3
2013,2013-11-02,1815,11,3,18,6,N,A,N,A,H,D,C,02,E,01,E,,,Y,,I,Y,N,D,1,0,0,1,23152.0,1,37.9650739,-120.2786903,2
2013,2013-10-31,1415,10,3,14,4,Y,A,Y,A,H,A,A,07,,09,D,,,,,C,Y,N,A,2,0,0,0,21802.0,2,37.8147051,-120.3117528,2
2013,2013-11-05,1445,11,3,14,2,N,A,Y,A,H,A,D,22,N,08,F,,,,,A,N,N,A,1,0,0,0,22107.0,1,37.8330704,-120.3430536,4
2013,2013-11-20,841,11,3,8,3,N,C,N,B,H,A,D,22,E,03,A,,,,,C,Y,N,D,1,0,0,0,22350.0,2,38.020325,-120.3853433,3
2013,2013-11-13,1740,11,3,17,3,N,A,Y,A,H,D,D,22,N,01,E,,,,,I,Y,N,D,1,0,0,0,23152.0,1,37.9952622,-120.3833543,3
2013,2013-12-03,1420,12,4,14,2,N,A,Y,A,H,A,D,22,E,07,D,,,,,C,Y,N,D,1,0,0,0,21658.0,2,37.968031,-120.3780143,4
2013,2013-11-14,1640,11,3,16,4,N,A,N,A,H,B,D,22,S,08,E,,,,,I,Y,N,D,1,0,0,0,22107.0,1,38.0420606,-120.2487283,2
2013,2013-11-16,1500,11,3,15,6,Y,A,N,A,H,A,A,01,,09,D,,,,,C,Y,N,A,2,0,0,0,21802.0,2,37.9755251,-120.3494328,4
2013,2013-11-22,1910,11,3,19,5,N,B,Y,A,H,D,A,07,E,01,F,,,,,A,Y,N,D,1,0,0,0,23152.0,1,38.0595285,-120.2008271,3
2013,2013-12-04,805,12,4,8,3,N,A,Y,C,H,A,A,01,W,03,E,,,,,I,Y,N,D,2,0,0,0,22350.0,1,37.8299595,-120.3466842,4
2013,2013-12-03,1215,12,4,12,2,N,B,N,B,H,A,A,01,S,03,E,,,,,I,N,N,D,2,0,0,0,22350.0,1,37.9579956,-120.371812,3
2013,2013-11-23,1350,11,3,13,6,N,A,Y,A,H,A,A,07,N,09,D,,,,,C,Y,N,D,1,0,0,0,21801.0,2,38.0116906,-120.4152573,4
2013,2013-12-01,2310,12,4,23,7,N,A,N,A,H,D,A,01,W,01,E,,,,,I,Y,N,D,2,0,0,0,23152.0,1,37.8076729,-120.1212029,3
2014,2014-01-29,1520,1,4,15,3,Y,B,Y,A,H,A,D,22,,09,D,,,,Y,C,Y,N,A,1,0,0,0,21802.0,2,37.87770423,-120.44858238,1
2014,2014-01-31,1720,1,4,17,5,N,A,Y,A,H,B,A,01,E,08,E,,,,,I,Y,N,D,2,0,0,0,22107.0,2,37.97887179,-120.31580263,1
2014,2014-02-06,2056,2,4,20,4,N,B,N,B,H,D,A,01,N,05,A,,,,,C,Y,N,A,2,0,0,0,21460.0,3,37.97881935,-120.44441911,1
2014,2014-04-05,1435,4,1,14,6,N,A,Y,A,H,A,A,01,N,01,E,,,,,I,Y,N,D,1,0,0,0,23152.0,1,38.0019543,-120.42855672,1
2014,2014-03-28,1520,3,1,15,5,N,A,Y,A,H,A,A,01,E,05,A,,,,,C,Y,N,D,2,0,0,0,21460.0,2,37.83884961,-120.20855936,1
2014,2014-07-26,1050,7,2,10,6,N,A,Y,A,H,A,A,01,W,08,A,,,,,C,Y,N,D,2,0,0,0,22107.0,2,37.82134047,-120.10296113,1
2014,2014-10-11,1230,10,3,12,6,N,A,Y,A,H,A,C,02,E,08,E,,,Y,,I,Y,N,A,1,0,0,1,22107.0,1,37.84924369,-120.58607299,1
2014,2014-10-28,1905,10,3,19,2,N,A,N,A,H,D,A,07,E,01,E,,,,,J,Y,N,D,2,0,0,0,23152.0,1,37.96372328,-120.38359766,1
2015,2015-04-21,1001,4,1,10,2,N,A,Y,A,D,A,A,01,E,01,A,,,,,C,Y,N,A,5,0,0,0,23152.0,2,37.85620771,-120.51109924,1
2015,2015-03-07,2005,3,1,20,6,Y,A,Y,A,H,D,N,60,,11,G,Y,,,,B,N,N,D,0,0,0,0,21954.0,2,37.8748766,-120.43474847,1
2015,2015-08-07,1150,8,2,11,5,N,A,Y,A,H,A,A,01,E,08,E,,,,,I,Y,N,D,0,0,0,0,22107.0,1,38.1377923,-120.09085807,1
2013,2013-11-03,1048,11,3,10,7,Y,A,Y,A,H,A,A,01,,09,D,,,,,C,Y,N,D,6,0,0,0,21802.0,2,38.0120595,-120.4024562,2
2013,2013-11-19,1700,11,3,17,2,N,B,N,A,H,C,A,01,W,03,C,,,,,C,Y,N,A,1,0,0,0,22350.0,2,37.9740195,-120.3443507,4
2013,2013-11-21,830,11,3,8,4,N,E,Y,B,H,A,A,07,W,03,F,,,,,A,Y,N,D,1,0,0,0,22350.0,1,37.815883,-120.2976205,4
2013,2013-11-07,1350,11,3,13,4,N,A,N,A,H,A,A,07,S,09,G,Y,,,,B,N,N,A,1,1,0,0,21802.0,2,37.9869484,-120.3689454,4
2013,2013-12-05,1525,12,4,15,4,N,A,Y,C,G,A,A,01,N,03,F,,,,,A,Y,N,D,1,0,0,0,22350.0,1,,,4
2013,2013-12-13,1708,12,4,17,5,N,A,Y,A,H,D,A,01,S,03,C,,,,,C,Y,N,D,2,0,0,0,22350.0,2,37.9395228,-120.4354836,4
2013,2013-12-07,1720,12,4,17,6,N,A,N,C,G,C,A,01,W,03,E,,,,,J,Y,N,D,2,0,0,0,22350.0,1,37.96615863,-120.24119854,4
2013,2013-12-04,808,12,4,8,3,N,A,Y,C,H,A,D,22,W,03,E,,,,,I,Y,N,D,1,0,0,0,22350.0,2,37.817209,-120.3191878,4
2013,2013-12-19,1800,12,4,18,4,N,A,Y,A,H,C,-,- ,E,18,E,,,,,I,Y,N,D,1,0,0,0,,1,37.9775946,-120.3529225,4
2013,2013-12-18,1455,12,4,14,3,N,B,Y,A,H,A,A,01,E,08,D,,,,,C,Y,N,D,1,0,0,0,22107.0,2,37.9652949,-120.3921627,4
2013,2013-12-01,130,12,4,1,7,N,A,N,A,H,D,D,22,S,01,E,,,,,I,Y,N,D,1,0,0,0,23152.0,1,37.9997296,-120.2603513,4
2013,2013-12-05,1515,12,4,15,4,Y,A,Y,A,H,A,D,22,,09,D,,,,,C,Y,N,D,1,0,0,0,21802.0,2,38.0417235,-120.2156267,3
2013,2013-11-09,510,11,3,5,6,N,A,Y,A,H,A,A,01,E,01,E,,,,,I,Y,N,D,1,0,0,0,23152.0,1,37.8202725,-120.291246,4
2013,2013-08-10,927,8,2,9,6,N,A,N,A,H,C,A,07,N,05,E,,,,,I,N,M,D,1,0,0,0,21650.0,1,37.9764938,-120.3778148,3
2013,2013-08-09,1331,8,2,13,5,N,A,N,A,H,A,A,01,S,01,E,,,,,J,Y,M,D,1,0,0,0,23152.0,1,37.97300463,-120.37919015,3
2013,2013-08-03,1526,8,2,15,6,N,A,Y,A,H,A,-,,,01,E,,,,,I,N,N,D,1,0,0,0,23152.0,1,37.9721123,-120.3948771,3
2013,2013-12-11,1615,12,4,16,3,N,A,Y,A,H,A,A,01,S,05,A,,,,,C,Y,N,D,2,0,0,0,21460.0,2,38.0026179,-120.4961735,2
2013,2013-12-20,1400,12,4,14,5,N,A,Y,A,H,A,A,07,S,03,C,,,,,C,Y,N,D,3,0,0,0,22350.0,4,38.0025559,-120.3843961,2
2013,2013-12-24,1300,12,4,13,2,N,A,Y,A,A,A,A,01,W,21,C,,,,,C,N,N,A,1,0,0,0,22106.0,2,37.9566051,-120.4215829,4
2013,2013-12-20,1920,12,4,19,5,N,A,N,A,H,D,A,01,W,08,E,,,,,I,Y,N,D,1,0,0,0,22107.0,1,37.9656508,-120.2729257,4
2013,2013-10-16,1147,10,3,11,3,N,A,N,A,H,A,I,11,S,09,D,,,,,C,N,N,D,2,0,0,0,21804.0,2,37.9808651,-120.3818829,3
2013,2013-10-11,1545,10,3,15,5,N,A,N,A,H,A,A,01,N,05,A,,,,,C,Y,N,A,1,0,0,0,21650.0,3,37.9851015,-120.3824555,4
2013,2013-10-19,1414,10,3,14,6,N,A,N,A,H,A,I,11,E,09,G,Y,,,,B,N,N,D,1,1,0,0,21804.0,2,37.9757887,-120.3632563,4
2013,2013-10-21,1100,10,3,11,1,N,A,N,A,H,A,D,22,S,10,G,Y,,,,B,N,F,D,2,2,0,0,21950.0,3,37.9797221,-120.3813673,4
2014,2014-01-07,1720,1,4,17,2,N,A,N,A,H,D,D,22,W,03,C,,,,,C,N,N,D,1,0,0,0,22350.0,3,37.96527305,-120.27118987,4
2014,2014-01-02,1835,1,4,18,4,N,A,Y,A,H,D,A,07,W,03,B,Y,,,,C,Y,N,D,1,1,0,0,22350.0,3,37.89813722,-120.48037453,3
2014,2014-01-14,1440,1,4,14,2,Y,A,N,A,H,A,A,01,,12,D,,,,,C,Y,N,A,1,0,0,0,21453.0,2,37.9758499,-120.36043997,3
2013,2013-12-28,1200,12,4,12,6,N,A,N,A,H,A,N,60,S,11,G,Y,,,,B,N,N,D,1,1,0,0,21954.0,2,38.027071,-120.4062545,3
2013,2013-09-26,1706,9,3,17,4,N,A,N,A,H,A,A,01,S,03,C,,,,,C,N,N,D,1,0,0,0,22350.0,2,37.9787735,-120.3809468,3
2013,2013-09-16,916,9,3,9,1,N,A,N,A,H,A,D,22,W,05,C,,,,,C,Y,N,D,1,0,0,0,21650.0,3,38.0124266,-120.4044762,4
2013,2013-11-25,1605,11,3,16,1,N,A,N,A,H,A,D,22,W,03,C,,,,,C,Y,N,D,2,0,0,0,22350.0,2,37.9732247,-120.3740131,4
2013,2013-10-26,600,10,3,6,6,N,A,N,A,H,D,A,01,N,05,E,,,,,I,Y,N,D,1,0,0,0,21650.0,1,37.9909198,-120.3927223,3
2013,2013-10-22,1600,10,3,16,2,N,A,Y,A,H,A,C,02,N,03,E,,,Y,,J,N,N,D,1,0,0,1,22350.0,1,37.9829952,-120.3832529,3
2013,2013-10-15,1205,10,3,12,2,N,A,N,A,H,A,-,- ,W,00,H,,Y,,,G,N,N,A,1,0,1,0,,2,37.9775921,-120.3804126,3
2014,2014-02-11,1100,2,4,11,2,N,A,Y,A,H,A,-,- ,N,18,C,,,,,C,Y,N,A,1,0,0,0,,2,37.87489553,-120.43475658,4
2014,2014-01-30,2055,1,4,20,4,N,B,N,A,H,C,A,07,S,03,C,,,,,C,N,N,A,1,0,0,0,22350.0,2,37.97472425,-120.34622798,4
2014,2014-01-20,1325,1,4,13,1,N,A,Y,A,H,A,A,07,E,03,C,,,,,C,N,N,A,1,0,0,0,22350.0,3,37.97699459,-120.35671574,4
2014,2014-01-27,30,1,4,0,1,N,A,N,A,H,D,A,01,E,03,E,,,,,I,Y,N,D,1,0,0,0,22350.0,1,38.00875911,-120.4033525,3
2014,2014-01-20,1845,1,4,18,1,N,A,Y,A,H,D,-,- ,E,00,B,,,,,C,N,N,A,1,0,0,0,,2,37.90224476,-120.47661769,4
2014,2014-01-26,1002,1,4,10,7,N,A,Y,A,H,A,A,07,W,08,E,,,,,I,Y,N,D,3,0,0,0,22107.0,1,37.82269396,-120.02400206,3
2013,2013-09-06,2008,9,3,20,5,N,A,N,A,H,D,C,02,E,08,E,,,Y,,I,N,N,D,1,0,0,1,22107.0,1,37.9747249,-120.3788836,4
2013,2013-09-26,1747,9,3,17,4,N,A,Y,A,H,A,A,07,W,09,D,,,Y,,C,Y,N,D,1,0,0,1,21804.0,2,37.9760645,-120.3922384,2
2013,2013-09-15,2021,9,3,20,7,Y,A,Y,A,H,C,A,01,,10,G,Y,,,,B,N,F,D,1,1,0,0,21950.0,2,37.985854,-120.3837254,4
2013,2013-09-05,2008,9,3,20,4,N,A,N,A,H,C,A,07,N,10,G,Y,,,,B,N,F,D,1,1,0,0,21950.0,2,37.9776209,-120.3804148,3
2014,2014-02-19,1420,2,4,14,3,Y,A,N,A,H,A,D,22,,03,C,,,,,C,N,N,D,1,0,0,0,22350.0,2,37.9847399,-120.30211993,4
2014,2014-02-15,1720,2,4,17,6,N,A,N,A,H,D,-,- ,S,18,H,,,,,A,Y,N,D,1,0,0,0,,1,37.82597172,-120.47386752,3
2014,2014-02-18,1325,2,4,13,2,N,B,Y,A,H,A,A,07,,21,C,,,,,C,N,N,A,1,0,0,0,22106.0,2,37.87490143,-120.43475911,4
2014,2014-02-16,1910,2,4,19,7,N,A,N,A,H,D,A,01,E,08,E,,,,,I,Y,N,D,1,0,0,0,22107.0,1,38.00805276,-120.29461499,2
2014,2014-03-05,1720,3,1,17,3,N,C,N,B,H,B,D,22,S,08,E,,,,,I,Y,N,D,1,0,0,0,22107.0,1,37.99418631,-120.23638895,3
2013,2013-11-01,1947,11,3,19,5,N,A,Y,A,H,D,A,01,N,09,H,,,Y,,C,N,N,D,1,0,0,1,21801.0,2,37.9814604,-120.3882235,2
2013,2013-11-04,1127,11,3,11,1,Y,A,N,A,H,A,A,07,,09,D,,,,,C,N,N,D,1,0,0,0,21804.0,2,37.97674002,-120.3694299,4
2013,2013-11-09,2248,11,3,22,6,N,A,Y,A,H,C,A,01,N,01,A,,,,,D,Y,N,D,2,0,0,0,23153.0,2,37.9859387,-120.3837971,4
2013,2013-11-21,1619,11,3,16,4,N,A,N,A,H,A,A,01,E,03,C,,,,,C,Y,N,D,1,0,0,0,22350.0,3,37.9756758,-120.3615367,4
2014,2014-02-10,740,2,4,7,1,N,C,Y,B,H,A,A,07,W,03,E,,,,,J,Y,N,D,1,0,0,0,22350.0,1,37.84307394,-120.5409862,4
2014,2014-02-11,2310,2,4,23,2,N,A,Y,A,H,D,A,01,E,08,E,,,,,I,Y,N,D,1,0,0,0,22107.0,1,37.81459638,-119.8794339,4
2014,2014-03-16,725,3,1,7,7,N,A,N,A,H,A,-,- ,W,18,H,,,,,H,Y,N,D,1,0,0,0,,1,37.96529645,-120.2713004,4
2014,2014-02-26,1420,2,4,14,3,N,B,N,A,H,A,A,01,N,03,C,,,,,C,Y,N,D,1,0,0,0,22350.0,2,38.0168306,-120.39606656,4
2014,2014-02-17,2030,2,4,20,1,N,A,N,A,H,D,A,07,N,03,F,,,,,A,Y,N,D,1,0,0,0,22350.0,1,37.96345294,-120.30900721,4
2014,2014-02-19,1610,2,4,16,3,N,A,Y,A,H,A,A,07,E,09,D,,,,,C,Y,N,D,2,0,0,0,21801.0,2,37.96526954,-120.39147873,4
2014,2014-03-15,819,3,1,8,6,N,A,Y,A,H,A,G,27,W,03,G,,,,Y,I,Y,N,D,4,0,0,0,22350.0,2,37.83830306,-120.20623812,3
2014,2014-03-09,630,3,1,6,7,N,B,Y,A,H,D,B,01,W,08,E,,,,,I,Y,N,D,1,0,0,0,22107.0,1,37.97561536,-120.35880623,4
2014,2014-03-09,517,3,1,5,7,N,B,N,A,H,D,A,01,N,03,E,,,,,I,N,N,A,1,0,0,0,22350.0,1,38.01047569,-120.25830142,4
2014,2014-03-04,230,3,1,2,2,N,B,Y,B,H,D,A,07,W,08,F,,,,,A,Y,N,D,1,0,0,0,22107.0,1,37.87283629,-120.50903399,3
2014,2014-02-27,1544,2,4,15,4,N,B,N,A,H,A,A,07,E,08,G,Y,,,,B,N,N,D,1,1,0,0,22107.0,2,37.96341526,-120.32888263,3
2014,2014-03-19,550,3,1,5,3,N,A,Y,A,H,C,-,- ,W,18,H,,,Y,,H,Y,N,D,1,0,0,1,,1,37.96883727,-120.37630196,4
2014,2014-03-24,1315,3,1,13,1,N,A,N,A,H,A,D,22,W,21,F,,,,,A,Y,N,D,1,0,0,0,22106.0,1,37.82760438,-120.23450535,4
2014,2014-03-11,1700,3,1,17,2,N,A,N,-,A,A,A,01,W,09,C,,,Y,,C,N,N,A,1,0,0,1,21804.0,2,37.97777784,-120.31592863,4
2014,2014-03-29,1156,3,1,11,6,N,B,Y,A,H,A,A,01,N,03,C,,,,,C,Y,N,D,1,0,0,0,22350.0,2,37.87485283,-120.43474816,4