ACCIDENT_YEAR,COLLISION_DATE,COLLISION_TIME,MONTH,SEASON,24HOURS,DAY_OF_WEEK,INTERSECTION,WEATHER_1,STATE_HWY_IND,ROAD_SURFACE,ROAD_COND_1,LIGHTING,STWD_VEHTYPE_AT_FAULT,CHP_VEHTYPE_AT_FAULT,DIRECTION,PCF_VIOL_CATEGORY,TYPE_OF_COLLISION,PEDESTRIAN_ACCIDENT,BICYCLE_ACCIDENT,MOTORCYCLE_ACCIDENT,TRUCK_ACCIDENT,MVIW,TOW_AWAY,HIT_AND_RUN,CONTROL_DEVICE,NUMBER_INJURED,COUNT_PED_INJURED,COUNT_BICYCLIST_INJURED,COUNT_MC_INJURED,PCF_VIOLATION,PARTY_COUNT,POINT_Y,POINT_X,COLLISION_SEVERITY
2014,2014-03-30,1226,3,1,12,7,N,B,Y,A,H,A,-,- ,W,18,F,,,Y,,A,Y,N,D,2,0,0,2,,1,37.82505811,-120.17255087,3
2014,2014-03-20,1715,3,1,17,4,N,A,Y,A,H,A,A,01,E,03,E,,,,,I,Y,N,A,1,0,0,0,22350.0,1,37.81774358,-120.2722016,3
2014,2014-03-20,1545,3,1,15,4,N,A,N,A,H,A,A,01,N,08,E,,,,,J,Y,N,D,1,0,0,0,22107.0,1,37.97134537,-120.26085849,3
2014,2014-03-26,800,3,1,8,3,N,B,Y,B,H,A,A,08,N,03,C,,,,,C,Y,N,D,1,0,0,0,22350.0,3,37.87490498,-120.43476063,4
2014,2014-03-16,1635,3,1,16,7,N,A,N,A,H,A,A,07,E,08,F,,,,,A,Y,N,D,1,0,0,0,22107.0,1,37.81758387,-120.28532267,4
2014,2014-04-03,1520,4,1,15,4,N,A,N,A,H,A,A,01,N,03,C,,,,,C,N,N,D,1,0,0,0,22350.0,2,38.01608035,-120.39624241,4
2014,2014-03-31,1750,3,1,17,1,N,C,N,B,H,A,A,08,N,01,E,,,,,I,Y,N,D,1,0,0,0,23152.0,1,37.9877471,-120.26508446,3
2014,2014-04-08,1700,4,1,17,2,N,A,N,A,H,A,A,08,E,09,D,,,,,C,Y,N,D,2,0,0,0,21804.0,2,37.9743688,-120.3458976,3
2013,2013-12-05,1723,12,4,17,4,N,A,Y,A,H,C,A,01,S,03,C,,,,,C,N,N,D,1,0,0,0,22350.0,3,37.9849374,-120.3830496,4
2013,2013-12-06,1217,12,4,12,5,N,A,Y,A,H,A,A,01,S,03,C,,,,,C,Y,N,D,2,0,0,0,22350.0,3,37.9879632,-120.3846049,4
2013,2013-12-12,1714,12,4,17,4,N,A,N,A,H,C,A,01,N,03,C,,,,,C,N,N,D,1,0,0,0,22350.0,3,37.9798431,-120.3814238,4
2013,2013-12-13,1238,12,4,12,5,N,A,N,A,H,A,A,01,S,09,B,,,,,C,N,N,A,1,0,0,0,21804.0,2,37.976059,-120.36907,4
2013,2013-12-13,1444,12,4,14,5,Y,A,N,A,H,A,A,01,,12,D,,,,,C,N,N,A,1,0,0,0,22450.0,2,37.9810251,-120.3811428,4
2013,2013-12-18,921,12,4,9,3,N,A,Y,A,H,A,A,08,W,03,C,,,,,C,N,F,A,1,0,0,0,22350.0,2,37.9828646,-120.3841505,4
2013,2013-12-19,1250,12,4,12,4,Y,A,N,A,H,A,A,07,,09,D,,,,,C,Y,N,A,2,0,0,0,21804.0,2,37.9820951,-120.3821228,4
2014,2014-04-05,2120,4,1,21,6,N,A,Y,A,H,D,D,22,E,08,E,,,,,I,Y,N,D,1,0,0,0,22107.0,1,38.0471275,-120.20411099,2
2014,2014-04-14,1315,4,1,13,1,N,A,Y,A,H,A,A,01,N,01,A,,,,,C,Y,N,D,1,0,0,0,23152.0,2,37.8748297,-120.43474931,4
2014,2014-04-04,1045,4,1,10,5,Y,A,Y,A,H,A,A,01,,09,A,,,,,C,Y,N,D,2,0,0,0,21801.0,2,37.87484851,-120.43474837,4
2014,2014-04-04,1540,4,1,15,5,N,A,N,A,H,A,A,07,E,08,E,,,,,I,Y,N,D,1,0,0,0,22107.0,1,37.94671725,-120.41104638,2
2014,2014-04-18,1830,4,1,18,5,N,C,Y,C,H,A,A,01,W,03,E,,,,,I,N,N,D,2,0,0,0,22350.0,1,38.31805915,-119.66474584,3
2014,2014-05-06,805,5,1,8,2,N,B,Y,B,H,A,A,01,S,08,E,,,,,I,Y,N,A,1,0,0,0,22107.0,1,37.87494369,-120.43478609,2
2014,2014-05-16,1140,5,1,11,5,N,A,Y,A,H,A,C,02,W,08,F,,,Y,,A,N,N,D,1,0,0,1,22107.0,1,37.81480619,-120.3119035,3
2014,2014-05-19,1345,5,1,13,1,N,A,N,A,H,A,A,01,N,08,E,,,,,J,Y,N,D,1,0,0,0,22107.0,1,37.89068161,-120.54682182,3
2014,2014-05-18,1925,5,1,19,7,N,A,N,A,H,A,C,02,N,01,F,,,Y,,A,Y,N,D,1,0,0,1,23152.0,1,37.8863546,-120.51201046,3
2014,2014-04-27,1445,4,1,14,7,Y,B,N,A,H,A,A,07,,03,C,,,,,C,Y,N,D,1,0,0,0,22350.0,3,37.83203991,-120.47860992,4
2014,2014-04-20,1553,4,1,15,7,Y,A,Y,A,H,A,D,22,,01,C,,,,,C,N,N,D,2,0,0,0,23152.0,2,37.87486399,-120.4347476,4
2014,2014-04-28,1257,4,1,12,1,N,A,N,A,H,A,A,07,W,- ,A,,,,,C,Y,N,D,2,0,0,0,,2,38.00812818,-120.29420614,3
2014,2014-04-16,1945,4,1,19,3,Y,A,Y,A,H,A,H,13,,09,D,,,Y,,C,Y,N,D,1,0,0,1,21801.0,2,37.87488073,-120.43475024,2
2014,2014-04-17,2115,4,1,21,4,N,A,N,A,H,D,A,01,S,05,A,,,,,C,Y,N,D,1,0,0,0,21460.0,2,37.9971112,-120.2368044,3
2014,2014-04-26,2045,4,1,20,6,N,A,N,A,H,D,D,22,S,01,E,,,,,J,Y,N,D,1,0,0,0,23152.0,1,37.97918258,-120.26985804,3
2014,2014-05-05,1500,5,1,15,1,N,A,Y,A,H,A,C,02,E,08,E,,,Y,,I,N,N,D,2,0,0,2,22107.0,1,37.8131171,-119.89980377,2
2014,2014-05-10,1750,5,1,17,6,N,A,N,A,H,A,A,01,E,01,A,,,,,C,Y,F,D,3,0,0,0,23152.0,2,38.01244004,-120.28785735,2
2014,2014-05-20,1610,5,1,16,2,N,A,Y,A,H,A,D,22,E,03,C,,,,,C,Y,N,A,2,0,0,0,22350.0,3,38.16357262,-120.05331257,4
2014,2014-05-22,130,5,1,1,4,N,A,N,A,H,A,D,22,N,01,E,,,,,I,Y,N,D,1,0,0,0,23152.0,1,37.8606822,-120.19171114,4
2014,2014-05-30,1441,5,1,14,5,N,A,Y,A,D,A,D,22,E,03,C,,,,,C,N,N,D,1,0,0,0,22350.0,3,37.89962437,-120.47920583,4
2014,2014-04-27,1730,4,1,17,7,Y,A,Y,A,H,A,A,01,,08,C,,,,,C,Y,N,D,3,0,0,0,22107.0,2,37.97941926,-120.33921703,3
2014,2014-05-05,1330,5,1,13,1,N,B,Y,A,H,A,D,22,E,03,E,,,,,I,Y,N,D,1,0,0,0,22350.0,1,38.31652353,-119.73030244,2
2014,2014-05-11,1330,5,1,13,7,Y,A,Y,A,H,A,A,01,,09,D,,,,,C,Y,N,A,2,0,0,0,21802.0,2,37.8748348,-120.43474906,4
2014,2014-05-06,1240,5,1,12,2,N,C,N,B,H,A,D,22,E,05,B,,,,,C,Y,N,D,1,0,0,0,21460.0,2,37.96223869,-120.32655608,3
2014,2014-05-15,2008,5,1,20,4,N,B,N,A,H,B,C,02,E,08,F,,,Y,,A,Y,N,D,1,0,0,1,22107.0,1,38.01391561,-120.41596571,2
2014,2014-05-18,1839,5,1,18,7,N,A,N,-,A,A,A,01,S,01,C,,,Y,,C,N,N,D,1,0,0,1,23152.0,2,38.00430746,-120.2617748,3
2014,2014-05-16,1045,5,1,10,5,Y,A,Y,A,H,A,A,07,,12,D,,,,,C,Y,N,A,3,0,0,0,21453.0,2,37.97419645,-120.36029122,4
2014,2014-05-21,1320,5,1,13,3,N,B,Y,A,H,A,A,01,W,03,E,,,,,I,Y,N,A,1,0,0,0,22350.0,1,38.11780421,-120.1181961,4
2014,2014-05-16,52,5,1,0,5,N,B,N,A,H,D,-,- ,E,18,H,,,Y,,A,N,F,D,1,0,0,1,,1,37.94510813,-120.27440173,3
2014,2014-05-16,53,5,1,0,5,N,B,N,A,H,D,C,02,E,03,E,,,Y,,I,Y,N,D,1,0,0,1,22350.0,1,37.94754476,-120.26723277,2
2014,2014-05-24,1340,5,1,13,6,Y,A,N,A,H,A,A,01,,05,A,,,,,C,Y,N,A,1,0,0,0,21650.0,2,37.96255989,-120.26604989,3
2014,2014-05-28,1305,5,1,13,3,N,A,N,A,H,A,A,01,E,08,E,,,,,I,Y,N,D,1,0,0,0,22107.0,1,37.94906802,-120.40898058,3
2014,2014-05-25,1215,5,1,12,7,N,A,Y,A,H,A,C,02,N,03,E,,,Y,,I,Y,N,A,1,0,0,1,22350.0,1,37.87472936,-120.43479083,2
2013,2013-12-13,1700,12,4,17,5,N,A,Y,A,H,D,A,01,E,03,C,,,,,C,Y,N,D,1,0,0,0,22350.0,2,37.9379129,-120.4383802,4
2013,2013-12-29,2110,12,4,21,7,N,A,N,A,H,D,A,01,W,01,F,,,,,I,Y,N,D,1,0,0,0,23152.0,1,38.03828759,-120.23647159,4
2013,2013-12-19,2009,12,4,20,4,N,A,N,A,H,D,A,01,N,01,E,,,,,I,Y,N,D,1,0,0,0,23152.0,1,37.9562544,-120.3687029,3
2014,2014-06-13,740,6,2,7,5,N,A,N,A,H,A,E,22,N,03,C,,,,Y,C,Y,N,D,1,0,0,0,22350.0,2,37.71705521,-120.44418058,3
2014,2014-06-09,2325,6,2,23,1,N,A,N,A,H,D,D,23,S,05,F,,,,,A,Y,N,D,2,0,0,0,21650.0,1,37.69198118,-120.47033694,3
2014,2014-06-16,1615,6,2,16,1,N,A,Y,A,H,A,A,01,W,08,E,,,,,I,Y,N,D,1,0,0,0,22107.0,1,38.08994305,-120.14479161,3
2014,2014-06-15,1340,6,2,13,7,N,A,Y,A,H,A,A,01,E,08,C,,,,,C,Y,N,A,1,0,0,0,22107.0,2,37.97784891,-120.3508762,4
2014,2014-06-04,1430,6,2,14,3,N,A,Y,A,H,A,A,08,W,08,E,,,,,I,Y,N,D,1,0,0,0,22107.0,1,38.29731109,-119.95043484,3
2014,2014-06-05,1300,6,2,13,4,N,A,N,A,H,A,A,07,S,08,E,,,,,I,Y,N,D,1,0,0,0,22107.0,1,37.71080639,-120.45968328,3
2014,2014-06-06,1355,6,2,13,5,N,A,N,A,H,A,A,01,N,01,D,,,,,C,Y,N,D,2,0,0,0,23152.0,2,37.96576745,-120.43093117,3
2014,2014-06-01,1155,6,2,11,7,Y,A,N,A,H,A,A,01,,12,D,,,,,C,N,N,A,2,0,0,0,21453.0,2,37.97882999,-120.33538986,4
2014,2014-05-24,1400,5,1,14,6,N,A,N,A,H,A,A,01,N,08,A,,,,,C,Y,N,A,2,0,0,0,22107.0,2,37.89316964,-120.56638828,4
2014,2014-05-30,1625,5,1,16,5,N,A,Y,A,H,A,D,22,N,03,C,,,,,C,N,N,D,2,0,0,0,22350.0,2,37.87484869,-120.43474836,4
2014,2014-06-08,1415,6,2,14,7,N,A,Y,A,H,A,A,07,E,01,E,,,,,I,Y,N,D,4,0,0,0,23152.0,1,38.04486456,-120.20993038,2
2014,2014-06-18,300,6,2,3,3,N,A,N,A,H,D,A,07,N,17,E,,,,,I,Y,N,D,1,0,0,0,21662.0,1,37.8152,-119.87523,4
2014,2014-06-18,1235,6,2,12,3,N,A,N,A,H,A,A,01,N,08,E,,,,,I,Y,N,D,1,0,0,0,22107.0,1,37.99899,-120.2306,3
2014,2014-06-19,1250,6,2,12,4,N,A,Y,A,H,A,-,- ,E,18,F,,,Y,,A,Y,N,D,1,0,0,1,,1,37.82118948,-119.9953868,3
2014,2014-06-22,1615,6,2,16,7,Y,A,Y,A,H,A,A,01,,09,D,,,Y,,C,Y,N,D,1,0,0,1,21804.0,2,37.8734621,-120.43295192,3
2014,2014-06-29,1110,6,2,11,7,N,A,N,A,H,A,A,07,N,05,A,,,,,C,Y,N,D,1,0,0,0,21650.0,2,37.8152,-119.87523,4
2014,2014-06-14,1750,6,2,17,6,N,A,Y,A,H,A,A,01,S,09,D,,,,,C,N,M,A,1,0,0,0,21803.0,2,37.87486777,-120.43474741,4
2014,2014-07-01,1725,7,2,17,2,Y,A,N,A,H,A,D,22,,09,D,,,Y,,C,N,N,D,1,0,0,1,21802.0,2,37.96441991,-120.23622988,3
2014,2014-07-03,1345,7,2,13,4,N,A,Y,A,H,A,C,02,E,05,B,,,Y,,C,Y,N,D,1,0,0,1,21460.0,2,38.34076928,-119.83295915,3
2014,2014-06-21,200,6,2,2,6,N,A,N,A,H,D,D,22,W,01,E,,,,,I,N,N,D,2,0,0,0,23152.0,1,38.02097251,-120.38355499,3
2014,2014-06-22,2030,6,2,20,7,N,A,Y,A,H,B,D,22,E,01,F,,,,,A,Y,N,D,2,0,0,0,23152.0,1,38.28552108,-119.96659265,3
2014,2014-06-27,950,6,2,9,5,N,A,Y,A,H,A,D,22,N,03,C,,,,,C,N,N,D,1,0,0,0,22350.0,2,37.87493537,-120.43477889,4
2014,2014-06-29,1520,6,2,15,7,N,A,N,A,H,A,A,01,S,08,F,,,,,A,Y,N,D,1,0,0,0,22107.0,1,37.96256,-120.26605,3
2014,2014-06-27,1720,6,2,17,5,N,A,N,A,H,A,A,07,N,08,E,,,,,I,Y,N,D,1,0,0,0,22107.0,1,37.88741444,-120.50754726,4
2014,2014-06-21,1410,6,2,14,6,N,A,N,A,H,A,A,01,S,01,A,,,,,C,Y,N,D,2,0,0,0,23152.0,2,37.86537726,-119.86792353,3
2014,2014-06-19,1146,6,2,11,4,N,A,Y,A,H,A,A,01,E,08,B,,,,,C,Y,N,D,1,0,0,0,22107.0,2,37.84757951,-120.6006245,2
2014,2014-07-08,1810,7,2,18,2,N,A,Y,A,H,A,A,01,E,- ,F,,,,,A,Y,N,D,3,0,0,0,,1,37.8405275,-120.62505162,3
2014,2014-07-09,600,7,2,6,3,N,A,Y,A,H,A,D,22,E,08,F,,,,,A,Y,N,D,1,0,0,0,22107.0,1,37.99909402,-120.26347243,3
2014,2014-07-13,1220,7,2,12,7,N,A,N,A,H,A,A,01,S,08,E,,,,,I,Y,N,D,1,0,0,0,22107.0,1,37.96442,-120.23623,3
2014,2014-07-14,1730,7,2,17,1,N,A,Y,A,H,A,A,01,E,08,E,,,,,I,Y,N,D,1,0,0,0,22107.0,1,37.815591,-119.93620737,3
2014,2014-07-04,2300,7,2,23,5,N,A,N,A,H,D,A,07,W,01,E,,,,,I,Y,N,D,1,0,0,0,23152.0,1,37.84900549,-120.14460912,3
2014,2014-07-13,1130,7,2,11,7,N,A,N,A,H,A,A,01,S,09,B,,,,,C,N,N,A,1,0,0,0,21802.0,2,38.03212303,-120.40550441,4
2014,2014-07-05,1915,7,2,19,6,N,A,N,A,H,A,A,01,W,05,A,,,,,C,Y,N,D,3,0,0,0,21650.0,2,37.85163012,-120.18147849,4
2014,2014-07-20,2058,7,2,20,7,N,A,N,A,H,D,A,07,N,08,F,,,,,A,Y,N,D,1,0,0,0,22107.0,1,37.8152,-119.87523,4
2014,2014-07-21,1720,7,2,17,1,Y,A,N,A,H,A,D,22,,03,C,,,,,C,N,N,D,3,0,0,0,22350.0,2,37.87661995,-120.39431992,4
2014,2014-07-19,2500,7,2,25,6,N,A,Y,A,H,D,A,07,W,08,F,,,,,A,Y,N,D,1,0,0,0,22107.0,1,37.97389501,-120.36056713,3
2014,2014-07-25,545,7,2,5,5,N,A,Y,A,H,B,A,01,W,02,D,,,Y,,C,Y,N,D,1,0,0,1,22400.0,2,37.83907789,-120.23012344,4
2014,2014-02-12,1007,2,4,10,3,N,A,N,A,D,A,D,22,W,01,C,,,,,C,N,N,A,1,0,0,0,23152.0,2,37.97592198,-120.3651004,4
2014,2014-02-27,1623,2,4,16,4,Y,A,Y,A,H,A,A,01,,03,C,,,,,C,Y,M,D,1,0,0,0,22350.0,2,37.87488523,-120.43475217,3
2014,2014-02-15,1904,2,4,19,6,N,A,Y,A,H,D,A,01,W,01,E,,,,,I,Y,N,D,1,0,0,0,23152.0,1,37.87487361,-120.43474719,3
2014,2014-02-07,1629,2,4,16,5,N,B,N,B,H,A,A,01,N,09,D,,,,,C,Y,N,D,1,0,0,0,21804.0,2,37.97584804,-120.36899895,4
2014,2014-02-05,1522,2,4,15,3,N,A,N,A,H,A,A,01,E,03,C,,,,,C,N,N,A,1,0,0,0,22350.0,2,37.97389383,-120.36793592,4
2014,2014-08-01,900,8,2,9,5,Y,A,Y,A,H,A,D,22,,12,D,,,,,C,Y,N,A,2,0,0,0,21453.0,2,37.97423381,-120.36029867,4
2014,2014-07-27,1650,7,2,16,7,N,A,Y,A,H,A,D,22,N,08,E,,,,,I,Y,N,D,3,0,0,0,22107.0,1,37.87494621,-120.43478828,3
2014,2014-08-04,2020,8,2,20,1,N,B,Y,A,D,D,A,01,W,01,E,,,,,I,Y,N,D,2,0,0,0,23152.0,1,38.06601734,-120.18158825,3
2014,2014-08-05,1300,8,2,13,2,N,A,Y,A,H,A,A,01,W,03,C,,,,,C,Y,N,A,3,0,0,0,22350.0,3,37.96748178,-120.37892503,3
2014,2014-07-17,1530,7,2,15,4,N,A,N,A,H,A,A,01,S,01,E,,,,,J,Y,N,D,1,0,0,0,23152.0,1,38.00219827,-120.40892055,3
2014,2014-07-19,245,7,2,2,6,N,A,Y,A,H,D,A,01,N,01,E,,,,,I,Y,N,D,1,0,0,0,23152.0,1,37.87494658,-120.4347886,3
2014,2014-08-09,210,8,2,2,6,N,A,N,A,H,D,D,22,S,01,E,,,,,I,Y,F,D,2,0,0,0,23152.0,1,37.86537726,-119.86792353,2
2014,2014-07-31,935,7,2,9,4,N,A,Y,A,H,A,A,07,E,01,E,,,,,I,Y,N,D,1,0,0,0,23152.0,2,37.83864025,-120.22215152,3
2014,2014-08-19,1750,8,2,17,2,N,A,N,A,H,A,A,01,W,03,C,,,,,C,N,N,D,1,0,0,0,22350.0,2,37.97781257,-120.31578972,4
2014,2014-08-15,655,8,2,6,5,Y,A,N,A,H,A,D,22,,12,D,,,,,C,Y,N,A,2,0,0,0,21453.0,2,37.97583433,-120.36045492,3
2014,2014-08-16,2240,8,2,22,6,N,A,N,A,H,D,A,01,S,01,E,,,,,I,Y,N,D,1,0,0,0,23152.0,1,37.67751442,-120.32211593,3
2014,2014-08-17,1500,8,2,15,7,N,A,N,A,H,A,C,02,E,08,F,,,Y,,A,N,N,D,1,0,0,1,22107.0,1,37.99015217,-120.43556624,3
2014,2014-08-18,1600,8,2,16,1,N,A,Y,A,H,A,A,07,E,08,E,,,,,I,Y,N,D,1,0,0,0,22107.0,1,38.19928409,-120.01998329,3
2014,2014-08-05,1915,8,2,19,2,Y,A,N,A,H,A,A,07,,09,D,,,,,C,N,N,A,1,0,0,0,21802.0,2,38.04155999,-120.2524299,4
2014,2014-08-10,430,8,2,4,7,N,A,N,A,H,D,A,07,S,08,E,,,,,I,Y,N,D,1,0,0,0,22107.0,1,37.78219473,-120.46463192,4
2014,2014-07-25,1855,7,2,18,5,N,A,Y,A,H,A,A,07,W,08,D,,,,,C,Y,N,D,1,0,0,0,22107.0,2,38.34003602,-119.83034015,4
2014,2014-08-17,1530,8,2,15,7,N,A,Y,A,H,A,D,22,E,05,B,,,,,C,Y,N,D,3,0,0,0,21460.0,3,38.33850538,-119.92641352,3
2014,2014-08-17,530,8,2,5,7,N,A,Y,A,H,A,D,22,E,08,E,,,,,I,Y,N,D,1,0,0,0,22107.0,1,38.27352973,-119.98350041,3
2014,2014-08-07,1405,8,2,14,4,N,A,Y,A,H,A,D,22,W,01,E,,,,,I,Y,N,D,1,0,0,0,23152.0,1,38.17785892,-120.02046557,3
2014,2014-08-02,1640,8,2,16,6,N,A,N,A,H,A,D,22,S,01,E,,,,,I,Y,N,D,1,0,0,0,23152.0,1,37.65942107,-120.31279503,4
2014,2014-08-02,1445,8,2,14,6,N,A,Y,A,H,A,D,22,E,01,F,,,,,A,Y,N,D,1,0,0,0,23152.0,1,38.25002655,-119.9977269,3
2014,2014-08-15,1521,8,2,15,5,N,A,Y,A,H,A,C,02,E,08,F,,,Y,,A,Y,N,D,1,0,0,1,22107.0,1,37.96556542,-120.38212597,3
2014,2014-03-17,1657,3,1,16,1,N,A,Y,A,H,A,D,22,E,01,C,,,,,C,Y,N,D,2,0,0,0,23153.0,2,37.87487677,-120.43474854,4
2014,2014-08-31,2115,8,2,21,7,N,A,Y,A,H,D,A,07,E,08,F,,,,,A,Y,N,A,1,0,0,0,22107.0,1,37.81559815,-120.29795076,4
2014,2014-08-16,2230,8,2,22,6,N,A,N,A,G,C,A,01,E,01,C,,,,,C,Y,N,D,2,0,0,0,23152.0,2,37.97602962,-120.35590118,4
2014,2014-08-22,1500,8,2,15,5,N,A,N,A,H,A,A,01,N,08,E,,,,,I,Y,N,D,1,0,0,0,22107.0,1,37.94868587,-120.36240649,4
2014,2014-08-24,200,8,2,2,7,N,A,Y,A,H,D,C,02,W,01,E,,,Y,,I,Y,N,D,1,0,0,1,23152.0,1,37.83651515,-120.23750877,2
2014,2014-09-19,1654,9,3,16,5,N,A,N,A,H,A,A,07,E,01,F,,,,,A,Y,N,D,1,0,0,0,23152.0,1,38.01810211,-120.27921516,3
2014,2014-04-18,2000,4,1,20,5,N,A,Y,A,H,C,A,07,N,10,B,Y,,,,B,N,N,D,1,1,0,0,21950.0,3,37.87488296,-120.43475119,3
2014,2014-03-08,1247,3,1,12,6,N,A,N,A,H,A,-,,E,03,C,,,,,C,N,N,A,1,0,0,0,22350.0,2,37.97534732,-120.3683355,4
2014,2014-03-09,939,3,1,9,7,Y,B,Y,A,H,A,A,07,,08,A,,,,,C,Y,N,D,4,0,0,0,22107.0,2,37.8748766,-120.43474847,3
2014,2014-03-13,1433,3,1,14,4,N,A,N,A,H,A,A,01,E,09,B,,,,,C,N,N,D,2,0,0,0,21804.0,2,37.97510946,-120.37605707,4
2014,2014-04-25,1119,4,1,11,5,N,C,N,B,H,A,A,07,S,03,C,,,,,C,N,N,A,2,0,0,0,22350.0,3,37.97633918,-120.36918115,4
2014,2014-09-11,755,9,3,7,4,Y,A,Y,A,H,A,D,22,,09,D,,,,,C,Y,N,D,1,0,0,0,21801.0,2,37.87490551,-120.43476086,4
2014,2014-09-09,1940,9,3,19,2,N,A,N,A,H,B,D,22,N,01,E,,,,,I,Y,N,D,1,0,0,0,23152.0,1,38.0189668,-120.2258978,3
2014,2014-09-03,1245,9,3,12,3,N,A,Y,A,H,A,C,02,W,06,B,,,Y,,A,Y,N,D,1,0,0,1,21750.0,2,38.27377726,-119.98280089,2
2014,2014-09-04,320,9,3,3,4,N,A,N,A,H,D,D,22,E,03,C,,,,,C,N,N,D,1,0,0,0,22350.0,2,37.96153359,-120.293662,4
2014,2014-09-07,810,9,3,8,7,N,A,Y,A,H,A,A,08,E,08,F,,,,,A,Y,N,D,2,0,0,0,22107.0,1,37.84373378,-120.38174996,2
2014,2014-09-03,1300,9,3,13,3,N,A,Y,A,H,A,D,22,N,03,C,,,,,C,Y,N,D,1,0,0,0,22350.0,3,37.87490227,-120.43475947,3
2014,2014-08-26,1700,8,2,17,2,N,A,Y,A,H,A,A,01,E,05,B,,,,,C,Y,N,D,3,0,0,0,21460.0,2,37.81633681,-119.92948683,3
2014,2014-09-03,1530,9,3,15,3,N,A,N,A,H,A,D,22,W,03,C,,,,,C,Y,N,D,2,0,0,0,22350.0,3,37.95971587,-120.29553689,3
2014,2014-08-23,1700,8,2,17,6,N,A,N,A,H,A,C,02,N,08,F,,,Y,,A,N,M,D,1,0,0,1,22107.0,1,38.20541913,-120.03209688,2
2014,2014-08-31,1320,8,2,13,7,N,A,Y,A,H,A,A,01,N,03,C,,,,,C,N,N,D,1,0,0,0,22350.0,2,37.87484905,-120.43474835,4
2014,2014-09-07,1700,9,3,17,7,N,A,Y,A,H,A,A,01,N,08,E,,,,,I,Y,N,D,1,0,0,0,22107.0,1,37.87490303,-120.4347598,4
2014,2014-09-05,130,9,3,1,5,N,A,N,A,H,D,A,01,N,01,E,,,,,I,Y,N,D,1,0,0,0,23152.0,1,37.84025978,-120.22179944,3
2014,2014-09-14,1755,9,3,17,7,N,A,Y,A,H,A,A,01,E,08,E,,,,,I,Y,N,D,1,0,0,0,22107.0,1,37.84063227,-120.62491497,4
2014,2014-09-10,2140,9,3,21,3,N,A,Y,A,H,D,A,01,W,08,F,,,,,A,Y,N,D,2,0,0,0,22107.0,1,37.67877,-120.3623,3
2014,2014-09-14,845,9,3,8,7,N,A,Y,A,H,A,A,01,E,08,E,,,,,I,Y,N,D,1,0,0,0,22107.0,1,37.82224822,-119.9163855,4
2014,2014-09-13,500,9,3,5,6,N,A,N,A,H,D,A,08,S,01,E,,,,,I,Y,N,D,1,0,0,0,23152.0,1,37.94378463,-120.35928361,4
2014,2014-09-05,2500,9,3,25,5,N,A,Y,A,H,D,-,99,N,08,G,Y,,,,B,N,F,D,1,1,0,0,22107.0,2,37.87485553,-120.43474802,4
2014,2014-09-22,1940,9,3,19,1,N,A,Y,A,H,C,N,60,E,11,G,Y,,,,B,N,N,D,1,1,0,0,21956.0,2,37.87485481,-120.43474806,2
2014,2014-09-20,1615,9,3,16,6,Y,B,Y,A,H,A,C,02,,05,F,,,Y,,A,Y,N,D,3,0,0,1,21460.0,2,38.04519622,-120.20723385,2
2014,2014-09-15,1430,9,3,14,1,N,A,N,A,H,A,A,01,N,08,A,,,,Y,C,Y,N,D,1,0,0,0,22107.0,2,38.03082438,-120.23581378,3
2014,2014-09-21,1545,9,3,15,7,N,A,Y,A,H,A,A,07,W,01,A,,,,,C,Y,N,D,1,0,0,0,23152.0,3,37.88276214,-120.50288174,4
2014,2014-09-26,1755,9,3,17,5,N,B,N,A,H,A,D,23,N,03,A,,,,,C,Y,N,D,2,0,0,0,22350.0,2,38.00930162,-120.25910049,4
2014,2014-09-13,2307,9,3,23,6,N,A,N,A,H,D,D,22,N,01,E,,,,,I,Y,N,D,1,0,0,0,23152.0,1,37.97813899,-120.41737469,4
2014,2014-09-13,1200,9,3,12,6,N,A,N,A,H,A,-,- ,S,00,F,,Y,,,A,N,N,D,1,0,1,0,,1,,,3
2014,2014-09-18,911,9,3,9,4,N,A,Y,A,H,A,D,22,W,08,D,Y,,,,C,Y,N,D,1,1,0,0,22107.0,3,37.96738186,-120.37906913,3
2014,2014-09-25,1540,9,3,15,4,N,B,Y,B,H,A,A,01,S,03,C,,,,,C,Y,N,D,1,0,0,0,22350.0,2,37.87490542,-120.43476082,4
2014,2014-10-03,1530,10,3,15,5,Y,A,Y,A,H,A,A,01,,09,D,,,,,C,Y,N,D,1,0,0,0,21801.0,2,37.83578264,-120.238955,4
2014,2014-10-18,1300,10,3,13,6,Y,A,N,A,H,A,A,01,,10,G,Y,,,,B,N,N,A,2,2,0,0,21950.0,3,38.03500609,-120.40182352,3