ACCIDENT_YEAR,COLLISION_DATE,COLLISION_TIME,MONTH,SEASON,24HOURS,DAY_OF_WEEK,INTERSECTION,WEATHER_1,STATE_HWY_IND,ROAD_SURFACE,ROAD_COND_1,LIGHTING,STWD_VEHTYPE_AT_FAULT,CHP_VEHTYPE_AT_FAULT,DIRECTION,PCF_VIOL_CATEGORY,TYPE_OF_COLLISION,PEDESTRIAN_ACCIDENT,BICYCLE_ACCIDENT,MOTORCYCLE_ACCIDENT,TRUCK_ACCIDENT,MVIW,TOW_AWAY,HIT_AND_RUN,CONTROL_DEVICE,NUMBER_INJURED,COUNT_PED_INJURED,COUNT_BICYCLIST_INJURED,COUNT_MC_INJURED,PCF_VIOLATION,PARTY_COUNT,POINT_Y,POINT_X,COLLISION_SEVERITY
2014,2014-10-03,915,10,3,9,5,N,A,Y,A,H,A,A,01,W,03,C,,,,,C,Y,N,D,5,0,0,0,22350.0,2,38.07741626,-120.16897983,3
2014,2014-10-04,1130,10,3,11,6,N,A,Y,A,H,A,C,02,W,03,F,,,Y,,A,Y,N,D,1,0,0,1,22350.0,1,38.31690815,-119.66680498,3
2014,2014-10-04,1355,10,3,13,6,Y,A,Y,A,H,A,A,07,,07,C,,,,,C,Y,N,A,1,0,0,0,21658.0,2,,,4
2014,2014-10-02,650,10,3,6,4,N,A,N,A,H,A,A,01,N,08,E,,,,,I,Y,N,D,1,0,0,0,22107.0,1,37.6699112,-120.32881641,2
2014,2014-10-13,1606,10,3,16,1,N,A,Y,A,H,A,C,02,S,03,F,,,Y,,A,Y,N,D,1,0,0,1,22350.0,1,,,2
2014,2014-10-08,1905,10,3,19,3,N,A,Y,A,H,C,C,02,N,03,C,,,Y,,C,Y,N,A,1,0,0,1,22350.0,2,37.95632085,-120.42214154,3
2014,2014-09-17,2005,9,3,20,3,Y,A,N,A,H,C,A,07,,12,D,,,,,C,Y,N,A,2,0,0,0,21453.0,3,37.975995,-120.355767,4
2014,2014-10-10,2120,10,3,21,5,N,A,N,A,H,D,A,01,N,01,E,,,,,I,Y,N,D,1,0,0,0,23152.0,1,38.04606913,-120.23240186,4
2014,2014-10-07,1440,10,3,14,2,N,A,Y,A,H,A,A,07,W,09,D,,,Y,,C,Y,N,A,1,0,0,0,21801.0,2,37.82334139,-120.25810171,4
2014,2014-10-01,1420,10,3,14,3,N,A,N,A,H,A,A,08,S,01,E,,,,,I,Y,N,D,1,0,0,0,23152.0,1,37.95683201,-120.36896735,3
2014,2014-10-07,1210,10,3,12,2,N,A,Y,A,H,A,C,02,N,08,E,,,Y,,I,Y,N,D,1,0,0,1,22107.0,1,,,3
2014,2014-09-09,1244,9,3,12,2,N,A,Y,A,H,A,C,02,W,08,E,,,Y,,I,Y,N,A,1,0,0,1,22107.0,1,37.81488409,-120.26958997,1
2014,2014-10-28,1638,10,3,16,2,N,B,N,A,H,A,D,22,E,03,C,,,,,C,Y,N,D,1,0,0,0,22350.0,3,37.97612796,-120.35632012,4
2014,2014-10-21,1100,10,3,11,2,N,A,Y,A,H,A,A,01,S,04,C,,,,,C,N,N,D,1,0,0,0,21703.0,2,,,4
2014,2014-10-18,1130,10,3,11,6,N,A,Y,A,H,A,C,02,E,08,B,,,Y,,C,N,N,D,1,0,0,1,22107.0,2,38.31697377,-119.73348277,2
2014,2014-10-25,1005,10,3,10,6,N,B,N,A,H,A,C,02,S,03,F,,,Y,,A,N,N,D,1,0,0,1,22350.0,1,37.99967696,-120.25510188,3
2014,2014-10-17,1445,10,3,14,5,Y,A,Y,A,H,A,A,01,,09,D,,,,,C,Y,N,A,1,0,0,0,21802.0,2,37.89119993,-120.48828994,4
2014,2014-10-17,1650,10,3,16,5,N,A,N,A,H,A,A,01,N,08,E,,,,,I,Y,N,D,1,0,0,0,22107.0,1,37.88624998,-120.40758977,4
2014,2014-10-10,1210,10,3,12,5,N,A,Y,A,H,A,A,01,S,09,D,,,Y,,C,N,F,D,1,0,0,1,21804.0,2,37.95576549,-120.42304334,4
2014,2014-11-03,1528,11,3,15,1,N,A,N,A,H,A,A,01,S,03,C,,,,,C,Y,N,D,1,0,0,0,22350.0,2,37.96517181,-120.44105598,4
2014,2014-05-30,1359,5,1,13,5,N,A,N,A,H,A,F,26,S,09,D,,,,Y,C,N,N,D,1,0,0,0,21804.0,2,37.97599962,-120.37970383,4
2014,2014-05-15,1605,5,1,16,4,N,A,N,A,H,A,D,72,W,- ,C,,,,,C,N,N,A,1,0,0,0,,2,37.97378379,-120.37106799,4
2014,2014-05-28,800,5,1,8,3,N,A,N,A,H,A,A,07,E,10,G,Y,,,,B,N,N,D,1,1,0,0,21954.0,2,37.98222,-120.38036207,4
2014,2014-05-26,1426,5,1,14,1,N,A,N,A,H,A,A,07,E,09,D,,,,,C,Y,N,D,2,0,0,0,21804.0,2,37.97591326,-120.36602318,3
2014,2014-05-22,1733,5,1,17,4,N,A,N,A,H,A,A,01,S,- ,C,,,,,E,Y,N,D,2,0,0,0,,3,37.9774369,-120.37949988,3
2014,2014-05-02,1458,5,1,14,5,N,A,N,A,H,A,A,08,W,01,C,,,,,C,N,F,D,1,0,0,0,23153.0,2,37.97579504,-120.36312757,3
2014,2014-01-28,1603,1,4,16,2,N,A,Y,A,H,A,A,01,N,03,C,,,,,C,N,N,D,1,0,0,0,22350.0,2,37.87488163,-120.43475062,4
2014,2014-01-24,1107,1,4,11,5,Y,A,Y,A,H,A,A,01,,05,B,,,,,C,N,N,A,1,0,0,0,21650.0,2,37.87488353,-120.43475144,3
2014,2014-01-23,1232,1,4,12,4,N,A,Y,A,H,A,A,01,N,03,C,,,,,C,Y,N,D,1,0,0,0,22350.0,2,37.87488402,-120.43475165,4
2014,2014-07-12,1001,7,2,10,6,N,A,N,A,H,A,F,26,S,09,B,,,Y,Y,C,Y,N,D,1,0,0,1,21804.0,2,37.97589851,-120.37965934,3
2014,2014-06-24,900,6,2,9,2,N,A,N,A,D,A,D,22,W,03,D,,,,,C,N,N,D,1,0,0,0,22350.0,3,37.97576796,-120.36281034,4
2014,2014-10-30,1854,10,3,18,4,N,A,N,A,H,C,C,02,W,08,E,,,Y,,I,Y,N,A,1,0,0,1,22107.0,1,37.97647788,-120.34353183,3
2014,2014-10-25,1150,10,3,11,6,N,B,Y,A,H,A,-,99,S,08,H,,Y,,,G,N,N,D,1,0,1,0,22107.0,2,37.86470121,-120.42785412,3
2014,2014-11-01,950,11,3,9,6,N,B,N,A,H,A,F,26,S,05,A,,,,Y,C,Y,N,D,1,0,0,0,21460.0,2,37.96811279,-120.45040884,4
2014,2014-11-09,1443,11,3,14,7,N,A,Y,A,H,A,A,07,S,08,D,,,,,C,Y,N,D,1,0,0,0,22105.0,2,38.01114962,-120.41901952,3
2014,2014-11-10,1000,11,3,10,1,Y,A,Y,A,H,A,A,01,,09,D,,,,,C,Y,N,D,3,0,0,0,21801.0,2,38.0197399,-120.24683,3
2014,2014-10-28,2330,10,3,23,2,N,A,Y,A,H,D,C,02,E,08,E,,,Y,,I,Y,N,D,1,0,0,1,22107.0,1,37.82054308,-120.27688953,2
2014,2014-10-17,750,10,3,7,5,N,A,N,A,H,A,A,07,S,03,F,,,,,A,Y,N,D,1,0,0,0,22350.0,1,37.95449878,-120.35571364,2
2014,2014-08-08,1702,8,2,17,5,N,A,N,A,D,A,A,01,E,- ,B,,,,Y,C,N,N,D,1,0,0,0,,2,37.9758893,-120.36626995,4
2014,2014-11-07,800,11,3,8,5,N,A,N,A,H,A,A,01,W,09,D,,,,,C,Y,N,D,1,0,0,0,21801.0,2,37.96881107,-120.33498115,4
2014,2014-11-15,1440,11,3,14,6,Y,A,Y,A,H,A,D,22,,01,C,,,,,C,Y,N,A,1,0,0,0,23152.0,4,37.95834412,-120.41823661,4
2013,2013-08-20,1600,8,2,16,2,Y,A,N,A,H,A,A,01,,17,H,,,,,A,N,N,D,1,0,0,0,27360.0,1,37.97674002,-120.3694299,3
2017,2017-11-18,1922,11,3,19,6,N,A,Y,A,H,C,N,60,E,11,G,Y,,,,B,Y,N,D,0,0,0,0,21954.0,2,37.87487728,-120.43474876,1
2014,2014-11-13,700,11,3,7,4,N,B,Y,B,H,A,A,01,E,03,F,,,,,A,Y,N,D,1,0,0,0,22350.0,1,37.8483627,-120.58086189,3
2014,2014-12-01,1650,12,4,16,1,N,A,N,A,H,B,N,60,W,11,G,Y,,,,B,N,N,D,1,1,0,0,21953.0,2,37.95956825,-120.32261529,2
2014,2014-09-05,1644,9,3,16,5,N,A,N,A,H,A,A,07,S,08,D,,,,,C,N,N,D,1,0,0,0,22107.0,2,37.97568295,-120.3795645,4
2014,2014-09-06,1000,9,3,10,6,Y,A,N,A,H,A,A,01,,09,G,Y,,,,B,N,N,A,1,1,0,0,21453.0,2,37.9767699,-120.37922988,4
2014,2014-11-25,1030,11,3,10,2,N,A,N,A,H,A,L,04,W,09,B,,Y,,,G,N,N,D,1,0,1,0,21804.0,2,37.83998,-120.22535,4
2014,2014-11-25,1430,11,3,14,2,N,A,Y,A,H,A,A,01,W,08,F,,,,,A,Y,N,A,1,0,0,0,22107.0,1,,,3
2014,2014-06-28,1238,6,2,12,6,N,A,N,A,H,A,C,02,W,03,F,,,Y,,A,N,N,A,1,0,0,1,22350.0,1,37.97754201,-120.38048646,4
2014,2014-06-18,1441,6,2,14,3,Y,A,Y,A,H,A,-,,,03,B,Y,,,,E,N,F,D,1,1,0,0,22350.0,6,37.87488248,-120.43475099,4
2014,2014-06-07,1319,6,2,13,6,N,A,N,A,H,A,A,01,N,10,G,Y,,,,B,N,N,D,2,2,0,0,21952.0,3,37.97574004,-120.36895888,2
2014,2014-06-07,1717,6,2,17,6,N,A,N,A,H,A,A,07,E,21,G,Y,,,,B,N,N,D,1,1,0,0,22106.0,2,37.98462737,-120.38048029,3
2014,2014-06-10,1058,6,2,10,2,N,A,N,A,H,A,A,01,E,- ,C,,,,,C,N,F,A,1,0,0,0,,2,37.98464551,-120.38217433,4
2014,2014-12-01,1720,12,4,17,1,N,A,Y,A,H,A,A,07,W,08,E,,,,,I,Y,N,D,1,0,0,0,22107.0,1,37.9720843,-120.36258268,4
2015,2015-03-13,1625,3,1,16,5,Y,A,Y,A,H,A,A,01,,09,D,,,,,C,Y,N,D,2,0,0,0,21801.0,2,38.01984035,-120.24677603,1
2014,2014-12-03,1255,12,4,12,3,N,C,N,B,H,A,D,22,W,03,F,,,,,A,Y,N,D,1,0,0,0,22350.0,1,38.00854086,-120.27106102,3
2014,2014-11-27,250,11,3,2,4,N,A,Y,A,H,C,D,22,S,01,E,,,,,I,Y,N,A,1,0,0,0,23152.0,1,37.96774362,-120.37837847,3
2014,2014-11-29,215,11,3,2,6,N,B,N,A,H,D,D,22,N,01,E,,,,,I,Y,N,D,1,0,0,0,23152.0,1,37.95364867,-120.36851928,4
2014,2014-11-30,2135,11,3,21,7,N,B,N,B,H,D,A,01,E,08,E,,,,,I,Y,N,D,1,0,0,0,22107.0,1,38.05962,-120.26635,3
2014,2014-11-22,2355,11,3,23,6,N,B,N,B,H,D,A,07,W,03,E,,,,,I,Y,N,D,1,0,0,0,22350.0,1,38.02027713,-120.38554642,3
2014,2014-12-12,2018,12,4,20,5,N,B,N,B,H,D,D,22,S,08,E,,,,,I,Y,N,D,1,0,0,0,22107.0,1,37.95584772,-120.32722849,4
2014,2014-11-29,1415,11,3,14,6,N,B,Y,B,H,A,A,01,S,03,E,,,,,I,Y,N,D,2,0,0,0,22350.0,1,37.99012792,-120.46225393,4
2014,2014-11-29,1235,11,3,12,6,N,B,Y,B,H,A,A,01,E,08,E,,,,,I,Y,N,D,1,0,0,0,22107.0,1,37.84995802,-120.58955836,4
2014,2014-12-18,1425,12,4,14,4,Y,A,N,A,H,A,A,01,,09,D,,,,,J,Y,N,A,1,0,0,0,21804.0,2,37.98731996,-120.36508999,4
2014,2014-12-29,1045,12,4,10,1,N,A,N,C,H,A,D,22,E,03,E,,,,,I,N,N,D,1,0,0,0,22350.0,1,38.00772514,-120.30195523,4
2014,2014-12-24,1200,12,4,12,3,N,B,N,A,H,A,A,01,S,03,C,,,,,C,N,N,A,2,0,0,0,22350.0,2,37.69906124,-120.33607203,4
2014,2014-12-28,1515,12,4,15,7,N,A,Y,A,H,A,D,22,N,03,C,,,,,C,Y,N,A,1,0,0,0,22350.0,3,,,4
2014,2014-12-19,755,12,4,7,5,Y,B,N,A,H,A,D,22,,09,D,,,,,C,Y,N,A,2,0,0,0,21802.0,2,38.01231996,-120.28688992,3
2014,2014-10-30,1105,10,3,11,4,N,A,Y,A,H,A,A,01,E,04,C,,,,,C,Y,N,A,1,0,0,0,21703.0,2,37.82710381,-120.34080259,4
2014,2014-12-15,1755,12,4,17,1,N,C,N,B,H,B,A,01,,03,D,,,,,C,Y,N,D,2,0,0,0,22350.0,2,37.91874989,-120.41355989,4
2015,2015-04-19,1350,4,1,13,7,N,A,Y,A,H,A,C,02,N,03,E,,,Y,,I,Y,N,D,1,0,0,1,22350.0,1,37.87472927,-120.43479086,4
2015,2015-04-15,1643,4,1,16,3,N,A,Y,A,H,A,C,02,E,08,F,,,Y,,A,N,N,D,1,0,0,1,22107.0,1,37.82279089,-120.28346208,4
2014,2014-12-25,1145,12,4,11,4,N,A,N,A,H,A,A,01,W,08,E,,,,,I,Y,N,D,1,0,0,0,22107.0,1,37.98941918,-120.33093238,4
2015,2015-01-02,1730,1,4,17,5,N,A,Y,A,H,D,A,01,E,03,C,,,,,C,Y,N,D,1,0,0,0,22350.0,2,37.98381931,-120.29904669,4
2014,2014-12-19,2100,12,4,21,5,Y,C,Y,B,H,C,A,07,,17,A,,,,,C,Y,N,A,2,0,0,0,21451.0,2,,,4
2014,2014-12-19,2220,12,4,22,5,N,C,N,B,H,D,A,01,N,01,E,,,,,I,Y,N,D,1,0,0,0,23152.0,1,37.98540811,-120.26409641,3
2014,2014-12-17,720,12,4,7,3,Y,B,Y,C,H,B,-,,,03,E,,,,,I,N,N,D,1,0,0,0,22350.0,1,38.18677999,-120.00860985,4
2014,2014-12-20,110,12,4,1,6,N,C,Y,B,H,D,A,01,E,01,E,,,,,I,Y,N,D,1,0,0,0,23152.0,1,,,3
2014,2014-12-12,1450,12,4,14,5,N,B,N,B,H,A,A,01,S,03,E,,,,,I,Y,N,D,1,0,0,0,22350.0,1,37.79926277,-120.12125723,2
2015,2015-02-24,900,2,4,9,2,N,A,Y,A,H,A,A,01,N,09,D,,,,,C,Y,N,D,1,0,0,0,21804.0,2,37.87485571,-120.43474801,4
2015,2015-02-28,855,2,4,8,6,N,B,N,B,H,A,D,22,S,03,A,,,,,C,Y,N,D,6,0,0,0,22350.0,2,37.89545662,-120.56354284,4
2015,2015-03-01,1500,3,1,15,7,N,B,N,A,H,A,D,22,W,03,F,,,,,A,Y,N,D,1,0,0,0,22350.0,1,38.04249645,-120.29889613,4
2015,2015-03-02,620,3,1,6,1,N,B,N,B,H,A,D,22,W,08,E,,,,,I,Y,N,D,1,0,0,0,22107.0,1,37.95093158,-120.24711738,4
2015,2015-02-27,1505,2,4,15,5,N,B,N,B,H,A,-,,W,08,F,,,,,A,Y,N,D,1,0,0,0,22107.0,1,38.07366984,-120.09913623,2
2015,2015-02-28,1100,2,4,11,6,N,C,Y,B,H,A,D,22,S,01,E,,,,,I,Y,N,D,1,0,0,0,23152.0,1,37.87492205,-120.43476795,3
2015,2015-03-09,1730,3,1,17,1,N,A,N,A,H,A,D,22,N,05,F,,,,,A,Y,N,D,1,0,0,0,21650.0,1,38.05216,-120.41637,2
2015,2015-01-10,1541,1,4,15,6,N,A,Y,A,H,A,C,02,S,01,E,,,Y,,I,Y,N,D,2,0,0,2,23152.0,2,37.87494517,-120.43478738,2
2015,2015-01-03,1300,1,4,13,6,N,A,N,A,H,A,C,02,S,08,F,,,Y,,A,Y,N,D,1,0,0,1,22107.0,1,37.80874661,-120.26009661,3
2015,2015-01-02,555,1,4,5,5,N,A,Y,C,H,A,A,07,W,03,E,,,,,I,Y,N,D,1,0,0,0,22350.0,1,37.83914461,-120.37767181,4
2015,2015-01-04,1243,1,4,12,7,N,A,Y,A,H,A,C,02,E,08,F,,,Y,,A,Y,N,D,1,0,0,1,22107.0,1,37.81978108,-120.29694682,4
2015,2015-01-09,2128,1,4,21,5,N,A,N,A,H,D,A,07,W,01,A,,,,,C,Y,N,D,2,0,0,0,23152.0,2,38.00053,-120.31305,2
2015,2015-01-01,1530,1,4,15,4,N,A,Y,A,H,A,A,01,W,08,E,,,,,I,Y,N,D,1,0,0,0,22107.0,1,38.01380759,-120.25211377,4
2015,2015-01-17,1745,1,4,17,6,N,A,Y,A,H,D,A,07,S,01,E,,,,,J,Y,N,D,1,0,0,0,23152.0,1,37.99056535,-120.2790264,2
2015,2015-01-10,750,1,4,7,6,N,A,Y,A,H,A,A,01,E,08,E,,,,,J,Y,N,D,1,0,0,0,22107.0,1,38.0020865,-120.26032912,2
2015,2015-01-10,1745,1,4,17,6,N,A,N,A,H,D,A,01,S,03,C,,,,,C,Y,N,D,1,0,0,0,22350.0,3,37.69487125,-120.47005148,4
2015,2015-02-06,2030,2,4,20,5,N,B,N,B,H,D,D,22,S,03,F,,,,,A,Y,N,D,1,0,0,0,22350.0,1,37.76269915,-120.33005514,2
2015,2015-02-04,1820,2,4,18,3,N,A,N,A,H,D,D,22,S,03,E,,,,,I,Y,N,D,1,0,0,0,22350.0,1,37.96271472,-120.28406556,4
2015,2015-01-25,1650,1,4,16,7,N,A,N,A,H,A,A,01,E,03,C,,,,,C,Y,N,D,1,0,0,0,22350.0,2,37.95754988,-120.30077044,4
2015,2015-02-01,1045,2,4,10,7,N,A,N,A,H,A,D,22,W,03,E,,,,,I,Y,N,A,2,0,0,0,22350.0,1,37.98963951,-120.33056993,4
2014,2014-10-21,1923,10,3,19,2,N,A,Y,A,H,B,D,22,S,03,C,,,,,C,Y,N,D,2,0,0,0,22350.0,3,37.99015225,-120.38451158,4
2014,2014-11-14,1521,11,3,15,5,N,A,N,A,D,A,I,11,W,03,C,,,,,C,N,N,D,1,0,0,0,22350.0,2,37.97576177,-120.36273793,4
2015,2015-01-26,740,1,4,7,1,N,A,Y,A,H,A,A,08,N,08,F,,,,,I,Y,N,D,1,0,0,0,22107.0,1,38.00089563,-120.49153008,4
2015,2015-02-06,1135,2,4,11,5,Y,B,N,A,H,A,-,- ,,00,D,,,,,C,Y,N,A,1,0,0,0,,2,37.97604224,-120.34390479,4
2015,2015-02-09,1240,2,4,12,1,N,A,N,A,H,A,A,01,S,03,C,,,,,C,N,N,D,1,0,0,0,22350.0,2,38.01716377,-120.39599776,3
2015,2015-02-12,1135,2,4,11,4,Y,A,Y,A,H,A,D,22,,09,D,,,,,C,Y,N,D,1,0,0,0,21801.0,2,37.8748641,-120.43474759,4
2015,2015-02-12,1335,2,4,13,4,N,A,Y,A,H,A,C,02,E,03,F,,,Y,,A,Y,N,D,1,0,0,1,22350.0,1,37.81990742,-120.30277788,4
2015,2015-02-13,2330,2,4,23,5,N,A,N,A,H,D,A,01,W,08,E,,,,,I,Y,N,D,1,0,0,0,22107.0,1,37.81781261,-120.13178357,4
2014,2014-10-24,417,10,3,4,5,N,A,N,A,H,D,A,01,S,05,E,,,,,J,Y,N,D,2,0,0,0,21650.0,1,37.9862839,-120.39281309,3
2015,2015-04-28,1140,4,1,11,2,Y,A,N,A,H,A,A,01,,09,D,,,,,C,Y,N,A,2,0,0,0,21804.0,3,37.96441991,-120.23622988,4
2015,2015-02-21,1120,2,4,11,6,N,B,Y,A,H,A,A,01,E,08,F,,,,,A,Y,N,D,1,0,0,0,22107.0,1,37.82827682,-120.63513711,3
2015,2015-02-28,1345,2,4,13,6,N,B,N,B,H,A,-,- ,N,18,E,,,,,I,Y,N,D,1,0,0,0,,1,38.02386176,-120.25423375,3
2015,2015-02-26,1525,2,4,15,4,Y,A,N,A,H,A,A,01,,09,G,Y,,,,B,N,F,D,1,1,0,0,21804.0,2,37.95848652,-120.23741126,2
2015,2015-03-05,1015,3,1,10,4,Y,A,Y,A,H,A,A,01,,09,B,,,,,C,Y,N,A,1,0,0,0,21802.0,2,37.983589,-120.2920559,4
2015,2015-03-08,2012,3,1,20,7,N,A,N,A,H,D,C,02,W,01,E,,,Y,,I,Y,N,D,1,0,0,1,23152.0,1,38.00820285,-120.29405773,3
2015,2015-03-04,640,3,1,6,3,N,A,Y,A,H,B,D,22,S,08,G,Y,,,,B,N,F,D,1,1,0,0,22107.0,2,37.87486102,-120.43474775,3
2015,2015-03-14,1355,3,1,13,6,Y,A,N,A,H,A,D,22,,04,C,,,,,C,Y,N,D,1,0,0,0,21703.0,2,37.66362992,-120.31413999,4
2015,2015-03-19,1040,3,1,10,4,N,A,Y,A,H,A,A,07,N,03,C,,,,,C,Y,N,D,1,0,0,0,22350.0,2,37.87483519,-120.43474904,4
2015,2015-03-12,1635,3,1,16,4,N,A,N,A,H,A,A,07,N,08,E,,,,,I,Y,N,D,1,0,0,0,22107.0,1,37.97430561,-120.27608197,2
2015,2015-03-26,1005,3,1,10,4,N,A,Y,A,H,A,A,01,E,08,E,,,,,I,Y,N,D,1,0,0,0,22107.0,1,38.09519235,-120.12963824,4
2015,2015-03-25,1605,3,1,16,3,N,A,Y,A,H,A,A,01,E,08,F,,,,,A,Y,N,D,1,0,0,0,22107.0,1,37.84994861,-120.59299287,3
2015,2015-03-04,1630,3,1,16,3,N,A,N,A,A,A,L,04,E,03,H,,Y,,,A,N,N,D,1,0,1,0,22350.0,1,37.91625686,-120.41462526,2
2015,2015-04-09,925,4,1,9,4,N,A,Y,A,B,A,E,22,N,03,E,,,,,I,Y,N,D,1,0,0,0,22350.0,1,37.99962412,-120.48820878,4
2015,2015-04-13,1745,4,1,17,1,N,A,N,A,H,A,C,02,W,05,A,,,Y,,C,N,N,D,1,0,0,1,21460.0,2,38.01286202,-120.29067739,3
2015,2015-04-13,1955,4,1,19,1,N,A,N,A,H,D,D,22,N,01,E,,,,,I,Y,N,D,1,0,0,0,23152.0,1,38.03710864,-120.25008652,2
2015,2015-04-07,1540,4,1,15,2,N,B,Y,C,H,A,A,07,E,03,E,,,,,I,Y,N,D,1,0,0,0,22350.0,1,38.0479738,-120.20387178,4
2015,2015-04-05,1430,4,1,14,7,Y,B,N,A,H,A,D,22,,01,D,,,,,C,Y,N,A,4,0,0,0,23152.0,2,37.96309995,-120.28444998,2
2015,2015-03-21,2050,3,1,20,6,Y,A,Y,A,H,C,C,02,,01,D,,,Y,,C,Y,N,D,1,0,0,1,23152.0,2,38.06117513,-120.1996025,2
2015,2015-03-28,2310,3,1,23,6,Y,A,N,A,H,C,D,22,,12,E,,,,,J,Y,N,A,1,0,0,0,22450.0,1,37.95972989,-120.31120995,4
2015,2015-03-27,1930,3,1,19,5,N,A,N,A,H,D,A,01,S,01,E,,,,,I,Y,N,D,1,0,0,0,23152.0,1,37.77663244,-120.46887779,3
2015,2015-03-14,1600,3,1,16,6,N,A,N,A,H,A,A,01,N,01,F,,,Y,,A,N,N,D,1,0,0,1,23152.0,2,37.96562741,-120.23952719,2
2015,2015-03-21,1500,3,1,15,6,N,A,N,A,H,A,A,01,E,01,B,,,,,I,N,N,D,1,0,0,0,23152.0,1,38.03969966,-120.24311675,4
2015,2015-04-03,1040,4,1,10,5,N,A,Y,A,H,A,A,01,E,03,C,,,,,C,Y,N,D,2,0,0,0,22350.0,2,37.86980073,-120.43150893,4
2015,2015-04-07,1620,4,1,16,2,N,B,Y,A,H,A,A,07,S,03,C,,,,,C,Y,N,D,1,0,0,0,22350.0,2,37.87488768,-120.43475322,4
2015,2015-04-01,1035,4,1,10,3,N,A,Y,A,H,A,A,01,S,03,C,,,,,C,Y,N,D,1,0,0,0,22350.0,2,37.87489254,-120.4347553,3
2015,2015-04-03,1220,4,1,12,5,Y,A,N,A,H,A,A,01,,09,D,,,Y,,C,N,N,D,1,0,0,1,21801.0,2,37.96441991,-120.23622988,3
2014,2014-04-06,1820,4,1,18,7,N,B,N,A,H,A,A,01,W,08,E,,,,,I,Y,N,D,1,0,0,0,22107.0,1,38.03587979,-120.37160677,4
2015,2015-04-07,1620,4,1,16,2,N,B,N,C,H,A,A,07,S,03,A,,,,,C,Y,N,D,2,0,0,0,22350.0,2,37.80573,-120.47271,3
2015,2015-04-02,1630,4,1,16,4,N,A,N,A,H,A,A,01,N,08,E,,,,,I,Y,N,D,1,0,0,0,22107.0,1,38.03995347,-120.26741327,4
2014,2014-12-11,1224,12,4,12,4,N,C,N,B,H,A,A,01,N,10,G,Y,,,,B,N,F,D,1,1,0,0,21952.0,2,37.98005816,-120.38155038,4
2014,2014-12-01,755,12,4,7,1,N,A,Y,A,H,A,A,01,S,03,C,,,,,C,N,N,D,2,0,0,0,22350.0,2,,,4
2014,2014-12-03,1802,12,4,18,3,N,C,Y,B,G,C,A,01,S,10,G,Y,,,,B,N,N,D,1,1,0,0,21950.0,2,37.9850254,-120.38314211,4
2014,2014-12-18,1615,12,4,16,4,N,A,N,A,H,C,A,01,E,10,G,Y,,,,B,N,F,D,1,1,0,0,21952.0,2,37.97590395,-120.36616779,4
2015,2015-04-12,1000,4,1,10,7,N,A,N,A,H,A,A,08,N,03,C,,,,,C,N,N,D,1,0,0,0,22350.0,2,37.96277588,-120.23742072,4
2015,2015-04-14,1315,4,1,13,2,N,A,N,A,H,A,A,01,N,03,C,,,,,C,Y,N,D,2,0,0,0,22350.0,2,37.99324734,-120.41000311,4
2015,2015-04-14,2205,4,1,22,2,N,A,N,A,H,D,D,22,W,21,E,,,,,I,N,N,D,1,0,0,0,22106.0,1,38.02097,-120.2474,4
2015,2015-04-14,2310,4,1,23,2,N,A,Y,A,H,D,D,22,E,01,E,,,,,I,Y,N,D,1,0,0,0,23152.0,1,37.81565023,-120.26914102,2
2015,2015-04-17,1705,4,1,17,5,N,A,N,A,H,A,A,01,E,03,C,,,,,C,Y,N,A,2,0,0,0,22350.0,2,37.97586598,-120.36039205,4
2015,2015-04-11,1950,4,1,19,6,N,A,N,A,H,D,-,- ,E,18,F,,,,,I,Y,N,D,1,0,0,0,,1,37.97088753,-120.33853676,4
2015,2015-04-28,1530,4,1,15,2,N,A,N,A,H,A,A,01,E,03,C,,,,,C,N,N,D,1,0,0,0,22350.0,2,37.9617604,-120.3866899,4
2015,2015-04-22,1630,4,1,16,3,N,B,N,A,H,A,E,22,N,03,A,,,,,C,Y,N,D,1,0,0,0,22350.0,2,38.00986253,-120.2587232,3
2015,2015-04-27,1310,4,1,13,1,Y,A,N,A,H,A,A,01,,09,D,,,Y,,D,N,N,A,1,0,0,1,21802.0,2,37.99898991,-120.23059988,4
2015,2015-04-23,2300,4,1,23,4,N,B,Y,B,H,D,A,07,W,08,E,,,,,I,Y,N,D,1,0,0,0,22107.0,1,38.20205844,-120.02189945,4
2015,2015-04-26,5,4,1,0,7,N,A,Y,A,H,D,A,01,W,08,F,,,,,A,Y,N,D,1,0,0,0,22107.0,1,37.99488922,-120.27031256,3
2015,2015-04-23,1525,4,1,15,4,N,A,N,A,H,A,A,01,W,03,C,,,,,C,N,M,A,2,0,0,0,22350.0,2,37.9736004,-120.34295129,3