ACCIDENT_YEAR,COLLISION_DATE,COLLISION_TIME,MONTH,SEASON,24HOURS,DAY_OF_WEEK,INTERSECTION,WEATHER_1,STATE_HWY_IND,ROAD_SURFACE,ROAD_COND_1,LIGHTING,STWD_VEHTYPE_AT_FAULT,CHP_VEHTYPE_AT_FAULT,DIRECTION,PCF_VIOL_CATEGORY,TYPE_OF_COLLISION,PEDESTRIAN_ACCIDENT,BICYCLE_ACCIDENT,MOTORCYCLE_ACCIDENT,TRUCK_ACCIDENT,MVIW,TOW_AWAY,HIT_AND_RUN,CONTROL_DEVICE,NUMBER_INJURED,COUNT_PED_INJURED,COUNT_BICYCLIST_INJURED,COUNT_MC_INJURED,PCF_VIOLATION,PARTY_COUNT,POINT_Y,POINT_X,COLLISION_SEVERITY
2015,2015-09-23,1327,9,3,13,3,N,A,N,A,H,A,C,02,S,01,E,,,Y,,I,Y,M,A,1,0,0,1,23152.0,1,37.96382317,-120.44618417,4
2015,2015-09-21,1235,9,3,12,1,Y,A,N,A,H,A,A,07,,09,D,,,,,C,Y,N,A,1,0,0,0,21804.0,2,37.97747994,-120.3171599,4
2015,2015-08-09,1715,8,2,17,7,N,A,Y,A,H,A,A,07,E,01,E,,,,,I,Y,N,D,3,0,0,0,23152.0,1,37.67941084,-120.36046511,1
2015,2015-09-14,1350,9,3,13,1,N,B,N,A,H,A,C,02,S,06,B,,,Y,,C,Y,N,D,1,0,0,1,21755.0,2,37.81756488,-120.47260832,3
2015,2015-10-01,1100,10,3,11,4,N,B,N,B,H,A,D,22,E,08,E,,,,,I,Y,N,D,1,0,0,0,22107.0,1,37.81323817,-120.29366592,4
2015,2015-10-02,1830,10,3,18,5,N,A,Y,A,H,B,A,07,W,08,E,,,,,I,Y,N,D,1,0,0,0,22107.0,1,37.82405907,-120.2798377,3
2015,2015-09-27,245,9,3,2,7,N,A,N,A,H,D,D,22,W,01,E,,,,,I,Y,N,D,1,0,0,0,23152.0,1,37.9411581,-120.41399588,4
2015,2015-10-04,1345,10,3,13,7,N,A,N,A,H,A,C,02,E,08,E,,,Y,,I,N,N,D,1,0,0,1,22107.0,1,37.99644933,-120.25741227,3
2015,2015-09-26,1450,9,3,14,6,N,A,Y,A,H,A,A,07,E,08,E,,,,,I,Y,N,A,1,0,0,0,22107.0,1,37.89083579,-120.48807339,3
2015,2015-09-29,1645,9,3,16,2,N,A,Y,A,H,A,A,01,W,08,E,,,,,I,Y,N,D,1,0,0,0,22107.0,1,37.83505216,-120.2405011,4
2015,2015-09-27,149,9,3,1,7,N,A,N,A,H,D,D,22,W,01,E,,,,,I,Y,N,D,1,0,0,0,23152.0,1,38.03827164,-120.24788187,3
2015,2015-08-15,1605,8,2,16,6,N,A,Y,A,H,A,A,07,W,01,A,,,,,C,Y,N,A,0,0,0,0,23152.0,2,37.83816096,-120.62577176,1
2015,2015-10-04,1549,10,3,15,7,N,A,Y,A,H,A,A,07,W,05,B,,,,,C,Y,N,D,1,0,0,0,21460.0,3,,,4
2015,2015-10-05,1225,10,3,12,1,Y,A,Y,A,H,A,A,01,,09,D,,,,,C,Y,N,A,1,0,0,0,21802.0,2,37.95657971,-120.42164809,4
2015,2015-10-07,1340,10,3,13,3,N,A,Y,A,H,A,A,01,E,08,F,,,,,A,Y,N,D,1,0,0,0,22107.0,1,38.11027937,-120.12285817,3
2015,2015-10-10,1000,10,3,10,6,Y,A,N,A,H,A,A,07,,09,A,,,,,C,Y,N,A,1,0,0,0,21801.0,2,38.03836992,-120.22970986,4
2015,2015-10-06,740,10,3,7,2,N,A,N,A,H,A,D,22,S,03,C,,,,Y,C,Y,N,D,2,0,0,0,22350.0,3,37.8873213,-120.5153659,4
2015,2015-10-14,1641,10,3,16,3,N,A,Y,A,H,A,C,02,W,08,E,,,Y,,I,N,N,D,2,0,0,2,22107.0,1,37.818075,-120.27253404,3
2015,2015-10-14,745,10,3,7,3,Y,B,N,A,H,A,A,07,,09,A,,,,,C,Y,N,A,2,0,0,0,21801.0,2,37.98018999,-120.34021987,3
2015,2015-10-16,1315,10,3,13,5,N,B,Y,A,H,A,A,07,E,08,E,,,,,I,Y,N,D,1,0,0,0,22107.0,1,38.05901809,-120.20100615,4
2015,2015-10-16,300,10,3,3,5,N,A,N,A,H,D,A,07,S,08,E,,,,,I,Y,N,D,1,0,0,0,22107.0,1,37.83204471,-120.23724348,3
2015,2015-10-10,920,10,3,9,6,N,A,N,A,H,A,A,01,W,08,E,,,,,I,Y,N,D,1,0,0,0,22107.0,1,37.95741249,-120.31042482,3
2015,2015-10-11,1745,10,3,17,7,N,A,Y,A,H,A,D,22,S,03,C,,,,,C,N,N,D,2,0,0,0,22350.0,2,37.96265492,-120.40634956,4
2015,2015-10-17,1355,10,3,13,6,N,B,N,A,H,A,D,22,E,04,C,,,,,C,N,N,D,2,0,0,0,21703.0,3,37.95698385,-120.30285635,4
2015,2015-10-04,230,10,3,2,7,N,A,Y,A,H,D,A,01,E,08,E,,,,,I,Y,N,D,1,0,0,0,22107.0,1,37.99944013,-120.26333136,3
2015,2015-10-16,1040,10,3,10,5,N,A,N,A,H,A,D,22,S,03,C,,,,,C,Y,N,D,2,0,0,0,22350.0,3,38.03669095,-120.40195571,4
2015,2015-10-18,1505,10,3,15,7,N,B,N,A,H,A,C,02,E,21,F,,,Y,,A,N,N,A,1,0,0,1,22106.0,1,37.9574378,-120.31170787,4
2015,2015-10-22,2500,10,3,25,4,N,A,N,A,H,A,A,07,S,08,F,,,,,A,Y,N,D,1,0,0,0,22107.0,1,38.17420959,-120.02565753,4
2015,2015-10-23,905,10,3,9,5,N,A,N,A,H,A,-,- ,N,05,B,,,,,C,Y,N,D,1,0,0,0,21650.0,2,37.99131281,-120.47493099,4
2015,2015-09-21,1640,9,3,16,1,N,A,Y,A,H,A,A,07,W,08,E,,,,,I,Y,N,D,1,0,0,0,22107.0,1,38.12323269,-120.11178105,1
2015,2015-11-02,1335,11,3,13,1,N,B,N,B,H,A,A,01,E,03,E,,,,,I,Y,N,D,1,0,0,0,22350.0,1,37.99571918,-120.3209884,4
2015,2015-10-29,1545,10,3,15,4,N,A,Y,A,H,A,A,01,E,08,C,,,,,C,N,M,D,1,0,0,0,22107.0,2,37.84341987,-120.50799835,4
2015,2015-10-30,1125,10,3,11,5,N,A,Y,A,H,A,A,07,W,08,F,,,,,A,Y,N,D,1,0,0,0,22107.0,1,38.06504628,-120.19353974,3
2015,2015-10-31,1420,10,3,14,6,N,A,Y,A,H,A,D,22,E,03,C,,,,,C,Y,N,D,1,0,0,0,22350.0,2,38.07909464,-120.16320237,4
2015,2015-10-31,1600,10,3,16,6,N,A,N,A,H,A,D,22,W,21,C,,,,,C,N,N,A,3,0,0,0,22106.0,2,37.97626554,-120.35824729,4
2015,2015-10-30,1540,10,3,15,5,N,A,Y,A,H,A,A,01,W,01,E,,,,,J,Y,N,D,2,0,0,0,23152.0,1,37.87966726,-120.5063414,2
2015,2015-10-28,1510,10,3,15,3,N,B,Y,B,H,A,A,01,W,03,E,,,,,J,Y,N,D,1,0,0,0,22350.0,1,37.84422,-120.54652,3
2015,2015-11-03,1540,11,3,15,2,N,B,Y,B,H,A,A,01,E,03,C,,,,,C,Y,N,A,1,0,0,0,22350.0,2,37.96784748,-120.37830273,4
2015,2015-10-23,135,10,3,1,5,N,A,Y,A,H,D,A,01,S,01,E,,,,,I,Y,N,D,1,0,0,0,23152.0,1,37.79163538,-120.27922373,3
2015,2015-10-23,2055,10,3,20,5,Y,A,N,A,H,C,A,07,,12,A,,,,,C,Y,N,A,2,0,0,0,21453.0,2,37.97379991,-120.37103987,4
2015,2015-11-04,1535,11,3,15,3,Y,A,N,A,H,A,D,22,,12,D,,,,,C,Y,N,A,3,0,0,0,21453.0,2,37.97603448,-120.34390926,3
2015,2015-11-16,610,11,3,6,1,N,A,N,C,H,B,D,22,W,03,E,,,,,I,Y,N,D,1,0,0,0,22350.0,1,38.012309,-120.28723498,4
2015,2015-11-03,1435,11,3,14,2,N,B,N,C,H,A,A,01,W,03,E,,,,,I,Y,N,D,1,0,0,0,22350.0,1,37.96595734,-120.27463678,4
2015,2015-11-15,905,11,3,9,7,N,B,Y,C,H,A,A,01,E,03,E,,,,,I,Y,N,D,1,0,0,0,22350.0,1,38.09097384,-120.1480365,4
2015,2015-11-11,1340,11,3,13,3,N,A,N,A,H,A,A,07,W,01,C,,,,,C,N,M,A,1,0,0,0,23152.0,2,37.97620927,-120.35688937,4
2015,2015-10-14,1025,10,3,10,3,N,B,N,A,H,A,A,07,N,01,H,,,,,I,Y,N,D,0,0,0,0,23152.0,1,38.04465147,-120.2228228,1
2015,2015-11-16,1615,11,3,16,1,N,A,N,A,H,A,A,07,E,03,C,,,,,C,N,N,A,1,0,0,0,22350.0,2,37.97380825,-120.37102615,4
2015,2015-11-25,1510,11,3,15,3,N,B,N,A,H,A,A,01,W,01,E,,,,,I,Y,M,D,1,0,0,0,23152.0,1,37.95147147,-120.39216419,3
2015,2015-11-28,1145,11,3,11,6,N,A,N,C,H,A,A,01,E,05,D,,,,,C,Y,N,D,1,0,0,0,21460.0,2,38.18727714,-120.00808215,4
2015,2015-11-22,1400,11,3,14,7,N,A,N,A,H,A,C,02,N,08,F,,,Y,,A,Y,N,D,1,0,0,1,22107.0,1,37.75882531,-120.46620162,3
2015,2015-11-27,1645,11,3,16,5,N,A,N,A,H,A,A,07,S,08,E,,,,,I,Y,N,D,1,0,0,0,22107.0,1,37.89756263,-120.564107,4
2015,2015-12-02,1805,12,4,18,3,N,A,Y,A,H,D,A,07,S,08,B,,,,,C,Y,N,D,1,0,0,0,22107.0,2,37.99843051,-120.3837056,3
2015,2015-11-15,1450,11,3,14,7,N,B,Y,C,H,A,A,08,W,08,E,,,,,I,Y,N,D,3,0,0,0,22107.0,1,38.01706908,-120.24881047,3
2015,2015-12-05,1721,12,4,17,6,N,A,Y,A,H,D,D,22,W,03,C,,,,,C,Y,N,D,2,0,0,0,22350.0,2,37.883989,-120.50100414,4
2015,2015-12-03,1740,12,4,17,4,Y,B,Y,B,H,D,A,08,,03,C,,,,,C,N,N,D,1,0,0,0,22350.0,2,37.99052991,-120.46195982,4
2015,2015-11-27,2105,11,3,21,5,N,A,N,A,H,D,D,22,E,05,A,,,,,C,Y,N,D,1,0,0,0,21460.0,2,38.03916432,-120.4052829,4
2015,2015-11-30,740,11,3,7,1,N,A,N,A,H,A,A,01,W,08,E,,,,,I,Y,N,D,1,0,0,0,22107.0,1,38.0204852,-120.41257505,4
2015,2015-11-26,1943,11,3,19,4,N,A,Y,A,H,D,A,01,E,05,A,,,,,C,Y,N,D,3,0,0,0,21460.0,2,37.98494458,-120.29018058,3
2015,2015-11-24,1830,11,3,18,2,N,B,Y,B,H,D,A,07,S,02,D,,,,,C,Y,N,D,1,0,0,0,22400.0,2,37.92311219,-120.44799252,3
2015,2015-12-02,1535,12,4,15,3,N,A,Y,A,H,A,D,22,S,03,C,,,,,C,N,N,D,1,0,0,0,22350.0,2,37.99834028,-120.38370855,4
2015,2015-12-04,2,12,4,0,5,N,B,Y,B,H,D,A,07,N,05,A,,,,,C,Y,N,D,1,0,0,0,21460.0,2,37.9366845,-120.44062994,3
2015,2015-12-08,1255,12,4,12,2,N,B,N,A,H,A,A,07,W,08,E,,,,,I,Y,N,D,1,0,0,0,22107.0,1,37.99856664,-120.31517744,4
2015,2015-12-06,2140,12,4,21,7,N,A,Y,A,H,D,D,22,S,01,F,,,,,A,Y,N,D,1,0,0,0,23152.0,1,37.99706555,-120.38360758,3
2015,2015-12-09,2048,12,4,20,3,N,A,N,A,H,D,A,01,S,08,E,,,,,I,Y,N,D,2,0,0,0,22107.0,1,37.97299649,-120.27527446,2
2015,2015-12-11,825,12,4,8,5,N,B,Y,B,H,A,A,07,W,03,F,,,,,A,Y,N,A,1,0,0,0,22350.0,1,37.84858023,-120.58135655,3
2015,2015-12-16,1035,12,4,10,3,Y,A,Y,A,H,A,A,01,,09,D,,,,,C,Y,N,A,3,0,0,0,21802.0,2,38.03918234,-120.21763629,3
2015,2015-12-13,1640,12,4,16,7,N,B,Y,C,H,D,A,01,E,03,G,Y,,,,B,N,N,D,1,1,0,0,22350.0,3,38.06550249,-120.1825604,3
2015,2015-12-06,1410,12,4,14,7,Y,A,N,A,H,A,A,08,,05,A,,Y,,,G,Y,N,D,4,0,4,0,21650.0,5,37.87474992,-120.37931996,2
2015,2015-12-13,825,12,4,8,7,N,B,N,A,H,A,A,01,N,08,F,,,,,I,Y,N,D,2,0,0,0,22107.0,1,38.00894227,-120.23157566,2
2015,2015-12-18,1010,12,4,10,5,N,A,Y,A,H,A,A,01,W,08,F,,,,,A,Y,N,D,1,0,0,0,22107.0,1,37.84911042,-120.58431142,4
2015,2015-12-20,654,12,4,6,7,N,B,Y,C,H,B,A,01,W,03,F,,,,,A,Y,N,D,1,0,0,0,22350.0,1,37.98008583,-120.31792653,3
2015,2015-12-14,1430,12,4,14,1,N,A,N,A,H,A,D,22,E,03,C,,,,,C,Y,N,D,2,0,0,0,22350.0,2,37.96471837,-120.23825612,4
2015,2015-12-19,1405,12,4,14,6,N,B,N,B,H,A,A,07,N,08,F,,,,,A,Y,N,D,3,0,0,0,22107.0,1,37.89325683,-120.56643928,4
2015,2015-12-20,2056,12,4,20,7,N,B,Y,B,H,D,A,01,W,03,C,,,,,E,Y,N,A,2,0,0,0,22350.0,2,37.84896306,-120.58228974,3
2015,2015-12-20,1930,12,4,19,7,N,B,Y,B,H,D,A,01,W,03,F,,,,,A,Y,N,A,2,0,0,0,22350.0,1,37.8489251,-120.5821778,4
2015,2015-12-21,1028,12,4,10,1,Y,B,Y,B,H,A,A,01,,12,D,,,,,C,Y,N,A,2,0,0,0,21453.0,2,37.96778989,-120.37839999,4
2015,2015-12-22,1355,12,4,13,2,N,B,N,A,H,A,A,01,N,08,B,,,,,C,Y,N,D,1,0,0,0,22107.0,2,37.88642446,-120.51228583,3
2015,2015-12-24,1140,12,4,11,4,N,C,N,B,H,A,A,01,E,08,E,,,,,I,Y,N,D,1,0,0,0,22107.0,1,37.70034192,-120.43328437,4
2015,2015-12-22,600,12,4,6,2,N,C,Y,B,F,D,A,07,N,03,F,,,,,A,Y,N,D,1,0,0,0,22350.0,1,37.90461553,-120.4537737,4
2015,2015-12-23,1525,12,4,15,3,Y,A,Y,A,H,A,A,07,,09,A,,,,,C,Y,N,D,5,0,0,0,21801.0,2,38.01963989,-120.24674,4
2015,2015-12-24,1245,12,4,12,4,N,B,Y,C,H,A,A,07,E,03,C,,,,,E,Y,N,A,2,0,0,0,22350.0,2,37.83264708,-120.24339084,3
2015,2015-12-12,1750,12,4,17,6,N,A,Y,A,H,D,A,01,W,08,F,,,,,A,Y,N,D,2,0,0,0,22107.0,1,37.84725776,-120.57208902,3
2015,2015-12-25,1010,12,4,10,5,N,A,Y,C,H,A,A,07,E,05,D,,,,,C,Y,N,D,1,0,0,0,21650.0,2,38.05485592,-120.20176381,3
2015,2015-12-30,1750,12,4,17,3,N,A,Y,A,H,C,D,22,W,03,F,,,,,A,Y,N,D,1,0,0,0,22350.0,1,37.97402454,-120.36049251,4
2016,2016-01-03,1530,1,4,15,7,N,A,Y,A,H,A,N,60,E,00,G,Y,,,,B,N,N,D,1,1,0,0,21954.0,2,38.07777186,-120.16739993,2
2015,2015-12-07,2500,12,4,25,1,N,A,N,A,H,D,A,01,N,21,H,,,,,I,Y,N,A,0,0,0,0,22106.0,1,37.81901056,-120.31882972,1
2016,2016-01-02,110,1,4,1,6,N,A,N,A,H,D,A,01,S,08,E,,,,,I,Y,N,D,1,0,0,0,22107.0,1,37.92401102,-120.40868955,3
2016,2016-01-02,2325,1,4,23,6,Y,A,N,A,H,D,A,01,,09,D,,,,,C,Y,N,A,2,0,0,0,21802.0,2,37.96309995,-120.28444998,4
2016,2016-01-13,822,1,4,8,3,Y,B,Y,B,H,A,D,22,,09,D,,,,,C,Y,N,A,1,0,0,0,21802.0,2,38.01157789,-120.40398369,4
2016,2016-01-06,840,1,4,8,3,N,B,Y,B,H,A,A,01,S,03,E,,,,,I,Y,N,D,1,0,0,0,22350.0,1,37.88876402,-120.44344722,3
2016,2016-01-08,815,1,4,8,5,N,A,Y,C,H,A,D,22,E,03,E,,,,,I,Y,N,D,2,0,0,0,22350.0,1,38.00265943,-120.25982764,3
2016,2016-01-11,745,1,4,7,1,N,A,Y,A,H,A,A,01,S,03,C,,,,,C,Y,N,D,2,0,0,0,22350.0,3,37.95748673,-120.41989451,4
2016,2016-01-14,1345,1,4,13,4,N,B,N,A,H,A,A,01,S,03,C,,,,,C,N,N,A,1,0,0,0,22350.0,2,37.99635157,-120.26703722,4
2016,2016-01-19,720,1,4,7,2,N,B,N,B,H,A,D,22,N,03,E,,,,,I,Y,N,A,1,0,0,0,22350.0,1,37.89368013,-120.56672013,4
2016,2016-01-20,1245,1,4,12,3,Y,B,N,A,H,A,-,- ,,18,D,,,,,C,N,N,A,2,0,0,0,,2,37.97747994,-120.3171599,4
2015,2015-12-30,2155,12,4,21,3,N,B,N,C,H,D,A,01,E,01,E,,,,,I,Y,N,A,1,0,0,0,23152.0,1,38.03829313,-120.2478218,4
2016,2016-01-10,2230,1,4,22,7,N,A,Y,A,H,D,A,01,S,08,E,,,,,I,Y,N,A,1,0,0,0,22107.0,1,,,2
2016,2016-01-15,2205,1,4,22,5,N,B,N,A,H,D,A,01,N,01,E,,,,,I,Y,N,D,3,0,0,0,23152.0,1,37.98240122,-120.36783822,2
2016,2016-01-28,1720,1,4,17,4,N,B,Y,A,H,B,A,01,S,03,C,,,,,C,N,N,A,1,0,0,0,22350.0,4,37.95817979,-120.41855437,4
2016,2016-01-24,1915,1,4,19,7,N,A,Y,A,H,D,D,22,S,01,E,,,,,I,Y,N,A,1,0,0,0,23152.0,1,,,3
2015,2015-10-24,1830,10,3,18,6,N,A,Y,A,H,A,A,07,E,01,A,,,,,C,Y,N,D,2,0,0,0,23152.0,2,37.81356378,-120.11869561,1
2016,2016-01-31,1948,1,4,19,7,N,D,Y,C,G,D,D,22,,03,E,,,,,I,Y,N,D,1,0,0,0,22350.0,1,38.14746179,-120.07814879,4
2016,2016-01-09,1430,1,4,14,6,N,B,Y,A,H,A,I,20,W,05,B,,,,,C,Y,N,D,5,0,0,0,21650.0,4,37.84165978,-120.51293721,3
2016,2016-01-12,1900,1,4,19,2,N,A,N,A,H,D,A,01,E,03,E,,,,,I,Y,N,D,1,0,0,0,22350.0,1,38.01589489,-120.28322194,4
2016,2016-01-14,1747,1,4,17,4,N,B,Y,B,H,D,C,02,W,16,F,,,Y,,A,Y,N,D,1,0,0,1,24002.0,1,37.82344931,-120.63977536,3
2016,2016-02-01,1310,2,4,13,1,N,A,N,C,H,A,A,07,E,03,C,,,,,C,N,N,D,1,0,0,0,22350.0,2,38.03837,-120.22971,4
2016,2016-02-04,1440,2,4,14,4,N,A,Y,A,H,A,D,22,E,03,C,,,,,C,N,N,D,1,0,0,0,22350.0,2,37.96780806,-120.37836943,4
2016,2016-01-30,1,1,4,0,6,N,B,N,B,H,D,A,01,E,08,E,,,,,I,Y,N,D,1,0,0,0,22107.0,1,38.03225062,-120.23419876,4
2016,2016-01-29,945,1,4,9,5,N,B,N,B,H,A,D,22,W,01,E,,,,,I,Y,N,D,1,0,0,0,23152.0,1,37.94879387,-120.26579992,4
2016,2016-02-06,15,2,4,0,6,N,A,Y,A,H,D,A,01,W,05,D,,,,,C,Y,N,D,2,0,0,0,21650.0,4,37.91546271,-120.4580084,4
2016,2016-02-09,1720,2,4,17,2,N,B,N,A,H,B,-,99,W,05,B,,,,,C,N,M,D,1,0,0,0,21460.0,2,38.03993442,-120.27826691,3
2016,2016-02-14,1626,2,4,16,7,N,A,Y,A,H,A,D,22,E,08,F,,,,,A,Y,N,D,1,0,0,0,22107.0,1,,,4
2016,2016-01-19,1831,1,4,18,2,Y,B,Y,B,H,D,A,01,,01,E,,,,,I,Y,N,D,2,0,0,0,23152.0,1,37.68875993,-120.33056986,2
2016,2016-02-03,1545,2,4,15,3,Y,B,Y,A,H,A,A,07,,09,D,,,,,C,Y,N,D,2,0,0,0,21801.0,2,37.99166748,-120.27713654,2
2016,2016-02-19,1,2,4,0,5,N,A,Y,A,H,D,A,07,E,03,E,,,,,I,Y,N,A,1,0,0,0,22350.0,1,,,4
2016,2016-02-16,810,2,4,8,2,N,A,Y,A,H,A,A,07,W,21,C,,,,,C,N,N,A,1,0,0,0,22106.0,2,37.9797,-120.3361,4
2016,2016-02-18,840,2,4,8,4,N,A,Y,A,H,A,A,08,E,08,E,,,,,I,Y,N,D,1,0,0,0,22107.0,1,,,3
2016,2016-02-17,715,2,4,7,3,N,B,N,A,H,A,C,02,W,09,E,,,Y,,I,Y,F,D,2,0,0,0,21801.0,2,38.033304,-120.25172492,3
2016,2016-02-16,1645,2,4,16,2,N,A,N,A,H,A,A,07,W,01,E,,,,,I,Y,N,D,1,0,0,0,23152.0,1,37.974793,-120.34686097,2
2016,2016-02-28,1943,2,4,19,7,N,A,N,A,H,D,C,02,W,03,F,,,Y,,A,Y,N,D,1,0,0,1,22350.0,1,37.9320802,-120.45116982,4
2016,2016-02-28,1505,2,4,15,7,Y,A,Y,A,H,A,D,22,,09,D,,,,,C,Y,N,A,2,0,0,0,21802.0,2,37.9651779,-120.39397356,4
2016,2016-02-29,1050,2,4,10,1,N,A,N,A,H,A,D,22,E,03,C,,,,,C,N,N,D,1,0,0,0,22350.0,2,37.98234892,-120.30566096,4
2016,2016-03-01,1200,3,1,12,2,N,A,N,A,H,A,A,01,W,08,F,,,,,A,N,N,D,1,0,0,0,22107.0,1,38.09777664,-120.24160393,4
2016,2016-03-02,1742,3,1,17,3,N,A,N,A,H,A,A,01,E,09,D,,,,,C,Y,N,D,1,0,0,0,21804.0,2,37.9829603,-120.30503471,3
2016,2016-02-20,1205,2,4,12,6,Y,B,Y,A,H,A,C,02,,03,C,,,Y,,C,Y,N,D,1,0,0,1,22350.0,2,37.87067994,-120.43123995,4
2016,2016-03-03,1036,3,1,10,4,N,B,N,A,H,A,D,22,N,08,A,,,,,C,Y,N,D,2,0,0,0,22107.0,2,37.95712739,-120.42116225,4
2016,2016-02-29,650,2,4,6,1,N,A,Y,A,H,A,A,01,E,08,E,,,,,I,Y,N,D,1,0,0,0,22107.0,1,37.96945233,-120.37339175,2
2016,2016-03-03,1915,3,1,19,4,N,C,Y,B,H,D,D,22,E,03,E,,,,,I,Y,N,D,1,0,0,0,22350.0,1,37.67940243,-120.3605543,4
2016,2016-03-17,1553,3,1,15,4,N,A,N,A,H,A,N,60,S,11,G,Y,,,,B,N,N,D,1,1,0,0,21954.0,2,37.95989587,-120.23625,4
2016,2016-03-21,630,3,1,6,1,N,B,N,A,H,B,F,26,E,08,E,,,,Y,I,Y,N,A,1,0,0,0,22107.0,1,37.81766439,-120.27768642,4
2016,2016-03-24,1500,3,1,15,4,N,A,Y,A,H,A,D,22,E,03,C,,,,,C,N,N,A,1,0,0,0,22350.0,2,37.96790582,-120.37825271,4
2016,2016-04-01,2500,4,1,25,5,N,B,N,A,H,A,C,02,E,03,F,,,Y,,A,N,N,D,1,0,0,1,22350.0,1,38.05779112,-120.2024981,2
2016,2016-04-04,910,4,1,9,1,N,A,Y,A,H,A,-,- ,W,18,H,,,,,H,Y,N,D,1,0,0,0,,1,37.98104228,-120.32429708,4
2016,2016-04-05,1420,4,1,14,2,N,A,N,A,H,A,A,01,S,03,C,,,,,C,N,N,D,1,0,0,0,22350.0,2,37.97379267,-120.37102534,4
2016,2016-04-02,1720,4,1,17,6,N,A,N,A,H,A,-,- ,N,05,B,,,,,C,N,N,D,1,0,0,0,21650.0,2,37.97604018,-120.44570442,3
2016,2016-04-03,1102,4,1,11,7,N,A,Y,A,H,A,C,02,E,01,F,,,Y,,A,Y,N,D,1,0,0,1,23152.0,1,38.00142995,-120.26067777,3
2016,2016-04-09,420,4,1,4,6,N,C,N,B,H,D,A,07,S,08,E,,,,,I,Y,N,D,1,0,0,0,22107.0,1,37.97640801,-120.41778624,3
2016,2016-04-04,55,4,1,0,1,N,A,N,A,H,D,A,08,S,03,E,,,,,I,Y,N,D,2,0,0,0,22350.0,1,37.99340952,-120.38202125,3
2016,2016-04-06,820,4,1,8,3,Y,A,N,A,H,A,D,22,,09,D,,,,,C,Y,N,A,3,0,0,0,21804.0,2,37.95743993,-120.31184999,3
2016,2016-04-18,1815,4,1,18,1,Y,A,N,A,H,A,C,02,,03,C,,,Y,,C,N,N,D,1,0,0,1,22350.0,2,38.03606995,-120.40166998,3
2019,2019-09-28,1322,9,3,13,6,Y,A,Y,A,H,A,D,22,,03,C,,,,,C,Y,N,D,1,0,0,0,22350.0,2,37.874881744384766,-120.43475341796876,4
2016,2016-04-16,1905,4,1,19,6,Y,A,Y,A,H,B,A,01,,05,D,,,,,C,Y,N,D,3,0,0,0,21460.0,2,37.82050271,-120.10417808,4
2016,2016-04-15,1625,4,1,16,5,Y,A,Y,A,H,A,D,22,,04,C,,,,,C,Y,N,D,2,0,0,0,21703.0,2,37.84236809,-120.52505159,4
2019,2019-09-03,1124,9,3,11,2,N,A,N,A,H,A,D,22,N,03,C,,,,,C,Y,N,D,2,0,0,0,22350.0,2,37.97771072387695,-120.38047790527344,4
2019,2019-09-15,915,9,3,9,7,N,A,N,A,H,A,C,02,N,06,D,,,Y,,C,N,N,D,2,0,0,2,21755.0,2,37.974506378173835,-120.37930297851562,2
2016,2016-04-16,800,4,1,8,6,N,A,Y,A,H,A,D,22,S,03,C,,,,,C,Y,N,A,2,0,0,0,22350.0,2,,,3
2016,2016-04-17,219,4,1,2,7,N,A,N,A,H,A,A,01,N,01,E,,,,,I,N,N,D,1,0,0,0,23152.0,1,37.88628,-120.51132,3
2016,2016-04-23,1835,4,1,18,6,N,A,N,A,H,A,A,01,S,01,E,,,,,I,Y,N,D,1,0,0,0,23152.0,1,37.95653528,-120.23860082,3
2016,2016-04-25,1635,4,1,16,1,N,A,Y,A,H,A,A,07,N,08,E,,,,,I,Y,N,D,2,0,0,0,22107.0,1,37.99376077,-120.48058961,3
2016,2016-02-23,150,2,4,1,2,N,A,Y,A,H,D,A,01,S,01,E,,,,,I,Y,N,D,1,0,0,0,23152.0,1,38.01184569,-120.39247752,4
2016,2016-04-23,1310,4,1,13,6,N,A,N,A,H,A,C,02,S,08,E,,,Y,,I,Y,N,D,1,0,0,1,22107.0,1,37.96418,-120.44440952,4
2016,2016-04-24,1025,4,1,10,7,N,A,N,A,H,A,C,02,N,03,F,,,Y,,A,N,N,D,1,0,0,1,22350.0,1,37.97813899,-120.41737469,4
2016,2016-04-21,1900,4,1,19,4,N,A,Y,A,H,A,A,01,E,05,B,,,,,C,Y,N,D,1,0,0,0,21460.0,2,,,4
2016,2016-04-26,1230,4,1,12,2,N,A,Y,A,H,A,A,01,S,03,E,,,,,I,Y,N,A,1,0,0,0,22350.0,1,37.99229284,-120.46844791,4
2016,2016-05-06,2015,5,1,20,5,N,A,N,A,H,D,D,22,S,08,E,,,,,I,N,N,D,1,0,0,0,22107.0,1,37.97783257,-120.21352576,4