ACCIDENT_YEAR,COLLISION_DATE,COLLISION_TIME,MONTH,SEASON,24HOURS,DAY_OF_WEEK,INTERSECTION,WEATHER_1,STATE_HWY_IND,ROAD_SURFACE,ROAD_COND_1,LIGHTING,STWD_VEHTYPE_AT_FAULT,CHP_VEHTYPE_AT_FAULT,DIRECTION,PCF_VIOL_CATEGORY,TYPE_OF_COLLISION,PEDESTRIAN_ACCIDENT,BICYCLE_ACCIDENT,MOTORCYCLE_ACCIDENT,TRUCK_ACCIDENT,MVIW,TOW_AWAY,HIT_AND_RUN,CONTROL_DEVICE,NUMBER_INJURED,COUNT_PED_INJURED,COUNT_BICYCLIST_INJURED,COUNT_MC_INJURED,PCF_VIOLATION,PARTY_COUNT,POINT_Y,POINT_X,COLLISION_SEVERITY
2016,2016-05-04,1620,5,1,16,3,N,B,N,A,H,A,A,01,E,05,A,,,,,C,N,N,D,1,0,0,0,21650.0,2,37.93971028,-120.43298006,4
2016,2016-05-03,1450,5,1,14,2,Y,A,Y,A,H,A,A,08,,09,D,,,,,C,Y,N,A,4,0,0,0,21802.0,2,37.91902543,-120.45166345,4
2016,2016-05-11,1700,5,1,17,3,N,A,Y,A,H,A,A,01,W,08,E,,,,,I,Y,N,D,1,0,0,0,22107.0,1,37.70485,-120.33418,4
2016,2016-05-11,1340,5,1,13,3,N,A,Y,A,H,A,A,01,W,08,E,,,,,I,Y,N,D,1,0,0,0,22107.0,1,37.81279657,-119.90481344,4
2016,2016-05-13,2140,5,1,21,5,N,A,N,A,H,D,D,22,N,08,C,,,,,C,N,N,D,1,0,0,0,22107.0,2,37.97838951,-120.27128459,4
2016,2016-05-15,1428,5,1,14,7,N,A,N,A,H,A,A,01,W,03,C,,,,,C,Y,N,D,2,0,0,0,22350.0,2,37.95967694,-120.32273218,3
2016,2016-05-13,1905,5,1,19,5,N,A,Y,A,H,A,N,60,E,11,G,Y,,,,B,N,N,D,1,1,0,0,21954.0,2,,,4
2016,2016-05-15,1817,5,1,18,7,Y,A,N,A,H,A,C,02,,08,F,,,Y,,A,Y,N,A,1,0,0,1,22107.0,1,37.97381995,-120.27637987,3
2016,2016-05-17,1450,5,1,14,2,N,A,Y,A,H,A,C,02,W,08,E,,,Y,,I,Y,N,D,1,0,0,1,22107.0,1,37.97949,-120.34047,2
2016,2016-05-21,2300,5,1,23,6,Y,A,N,A,H,C,A,01,,12,D,,,,,C,Y,N,A,1,0,0,0,21453.0,2,37.97625155,-120.35898417,4
2016,2016-05-23,1515,5,1,15,1,N,A,Y,A,H,A,A,01,S,08,F,,,,,A,Y,N,D,1,0,0,0,22107.0,1,38.00802979,-120.38892022,3
2016,2016-05-15,1546,5,1,15,7,N,A,N,A,H,A,C,02,S,01,F,,,Y,,A,N,N,D,1,0,0,1,23152.0,2,38.00661485,-120.40359758,2
2016,2016-05-25,1340,5,1,13,3,N,C,Y,B,H,A,A,07,E,03,E,,,,,I,Y,N,D,1,0,0,0,22350.0,1,,,4
2016,2016-05-16,2044,5,1,20,1,N,A,N,A,H,D,D,22,S,01,E,,,,,I,Y,N,D,1,0,0,0,23152.0,1,37.83446737,-120.50000258,3
2016,2016-05-22,1225,5,1,12,7,N,A,Y,A,H,A,A,01,W,09,E,,,,,I,Y,N,A,1,0,0,0,21802.0,2,37.89100181,-120.48895475,4
2016,2016-05-19,1846,5,1,18,4,N,A,N,A,H,A,A,01,E,01,E,,,,,I,Y,N,D,1,0,0,0,23152.0,1,38.01334824,-120.2851823,2
2016,2016-05-28,1415,5,1,14,6,N,A,Y,A,H,A,A,07,E,08,E,,,,,I,Y,N,D,1,0,0,0,22107.0,1,38.04664851,-120.20450231,2
2016,2016-05-28,1233,5,1,12,6,N,A,N,A,H,A,A,01,W,09,D,,,,,C,Y,N,D,1,0,0,0,21804.0,2,37.97475,-120.34624,4
2016,2016-05-25,1720,5,1,17,3,N,F,Y,C,H,A,A,07,W,03,B,,,,,C,Y,N,D,2,0,0,0,22350.0,2,38.14281859,-120.08633655,3
2016,2016-05-26,1130,5,1,11,4,N,A,Y,A,H,A,G,25,S,03,C,,,,Y,C,Y,N,D,2,0,0,0,22350.0,4,37.96055267,-120.41397629,4
2016,2016-05-21,655,5,1,6,6,N,A,N,A,H,A,A,01,N,01,A,,,,,C,Y,N,D,2,0,0,0,23152.0,2,37.84911764,-120.22273498,2
2016,2016-06-02,1528,6,2,15,4,N,A,N,A,H,A,A,01,N,03,E,,,,,I,Y,N,D,1,0,0,0,22350.0,1,37.98225895,-120.24685431,3
2016,2016-05-30,0,5,1,0,1,N,B,Y,A,H,C,A,07,E,08,E,,,,,I,Y,M,D,1,0,0,0,22107.0,1,37.8135479,-120.11883175,4
2016,2016-05-31,800,5,1,8,2,N,A,Y,A,H,A,A,01,W,09,D,,,,,C,Y,N,A,4,0,0,0,21802.0,2,,,3
2016,2016-06-02,1800,6,2,18,4,N,A,Y,A,H,A,-,- ,E,18,C,,,,,C,Y,N,A,1,0,0,0,,2,37.99661567,-120.26739932,4
2016,2016-06-04,2110,6,2,21,6,N,A,Y,A,H,D,D,22,E,08,D,,,,,C,Y,N,D,2,0,0,0,22107.0,2,37.90580753,-120.47105843,3
2016,2016-06-06,2325,6,2,23,1,N,A,Y,A,H,D,A,01,E,08,E,,,,,I,Y,N,D,1,0,0,0,22107.0,1,,,4
2016,2016-06-06,1820,6,2,18,1,N,A,Y,A,H,A,A,07,W,08,E,,,,,I,Y,N,D,2,0,0,0,22107.0,1,37.82483114,-120.1720094,3
2016,2016-06-07,340,6,2,3,2,N,A,N,A,H,D,A,07,W,05,F,,,,,A,Y,N,D,1,0,0,0,21650.0,1,37.96464669,-120.24523169,4
2016,2016-06-07,1740,6,2,17,2,N,A,Y,A,H,A,A,01,N,03,C,,,,,C,Y,N,D,2,0,0,0,22350.0,2,38.01142315,-120.41802086,4
2016,2016-06-05,608,6,2,6,7,N,A,N,A,H,A,D,22,E,01,E,,,,,I,Y,N,D,1,0,0,0,23152.0,1,38.00894236,-120.29962527,3
2016,2016-05-28,1400,5,1,14,6,N,A,N,A,H,D,A,07,W,03,E,,,,,I,N,N,D,1,0,0,0,22350.0,1,38.0092553,-120.15617967,3
2016,2016-06-02,2100,6,2,21,4,N,A,Y,A,H,D,-,- ,N,18,H,,,Y,,H,Y,N,D,1,0,0,1,,3,37.99903442,-120.38363631,3
2016,2016-06-10,1335,6,2,13,5,N,A,N,A,H,A,A,01,W,03,C,,,,,C,Y,N,D,2,0,0,0,22350.0,2,37.98435438,-120.2997043,3
2016,2016-06-01,713,6,2,7,3,N,A,N,A,C,A,-,- ,,18,E,,,Y,,J,N,N,D,1,0,0,1,,1,38.04025988,-120.40605992,3
2016,2016-06-09,1205,6,2,12,4,N,A,N,A,H,A,-,- ,N,18,F,,,,,A,Y,N,D,2,0,0,0,,1,37.99879215,-120.29482343,3
2016,2016-06-06,2050,6,2,20,1,N,A,N,A,H,D,D,22,N,01,E,,,,,I,Y,N,D,1,0,0,0,23152.0,1,38.04654114,-120.26479386,3
2016,2016-06-13,2135,6,2,21,1,N,A,N,A,H,D,-,- ,E,05,A,,,,,C,Y,N,D,2,0,0,0,21460.0,2,37.96351015,-120.38409722,4
2016,2016-06-15,610,6,2,6,3,N,A,Y,A,H,A,-,- ,S,18,H,,,Y,,H,N,N,D,1,0,0,1,,1,37.99868412,-120.48648126,3
2016,2016-06-04,1205,6,2,12,6,N,B,N,A,H,A,A,07,W,03,C,,,Y,,C,Y,N,D,3,0,0,2,22350.0,2,37.9592161,-120.29649408,2
2016,2016-06-12,1750,6,2,17,7,N,A,Y,A,H,A,D,22,S,01,E,,,,,I,Y,N,D,1,0,0,0,23152.0,1,37.96203099,-120.41097148,3
2016,2016-06-09,1420,6,2,14,4,N,A,Y,A,H,A,D,22,N,04,C,,,,,C,Y,N,D,2,0,0,0,21703.0,3,37.94141462,-120.43230742,4
2016,2016-06-11,1645,6,2,16,6,N,A,N,A,H,A,C,02,W,03,F,,,Y,,A,N,N,D,1,0,0,1,22350.0,1,37.96059,-120.23776673,2
2016,2016-06-12,1735,6,2,17,7,N,A,N,A,H,A,A,07,S,03,C,,,,,C,Y,N,D,1,0,0,0,22350.0,2,37.99211201,-120.26413579,3
2016,2016-06-16,1845,6,2,18,4,N,A,Y,A,H,A,A,01,W,08,E,,,,,I,Y,N,A,2,0,0,0,22107.0,1,37.82380037,-120.27730141,3
2016,2016-06-18,136,6,2,1,6,N,A,Y,A,H,D,D,22,W,08,E,,,,,I,Y,N,D,1,0,0,0,22107.0,1,37.83655129,-120.23711128,4
2016,2016-06-18,1730,6,2,17,6,N,B,Y,A,H,A,D,22,N,09,A,,,Y,,C,Y,N,D,1,0,0,1,21801.0,2,37.90881048,-120.45253252,2
2016,2016-06-19,1204,6,2,12,7,Y,A,Y,A,H,A,A,07,,09,D,,,,,C,Y,N,A,1,0,0,0,21802.0,2,38.03923552,-120.21752662,4
2016,2016-06-16,2240,6,2,22,4,N,A,N,A,H,C,D,22,S,01,E,,,,,I,Y,N,D,1,0,0,0,23152.0,3,37.94925546,-120.41962305,3
2016,2016-06-16,1940,6,2,19,4,N,A,N,A,H,A,A,01,N,03,E,,,,,I,Y,N,D,1,0,0,0,22350.0,1,38.03343791,-120.27186217,4
2016,2016-06-09,1533,6,2,15,4,N,A,N,A,H,A,A,07,S,08,F,,,,,A,Y,N,D,1,0,0,0,22107.0,1,37.93851035,-120.41702276,3
2016,2016-06-22,1240,6,2,12,3,N,A,N,A,H,A,A,07,S,05,A,,,,,C,Y,N,D,2,0,0,0,21460.0,2,38.01499107,-120.39628018,3
2016,2016-06-20,1115,6,2,11,1,N,A,N,A,H,A,-,- ,E,05,B,,,Y,,C,Y,N,D,1,0,0,1,21650.0,2,38.01041253,-120.27387869,3
2016,2016-05-25,1948,5,1,19,3,N,A,N,A,H,A,D,22,E,01,E,,,,,I,Y,M,D,2,0,0,0,23152.0,1,38.00875911,-120.4033525,3
2016,2016-06-14,1508,6,2,15,2,N,A,N,A,H,A,N,60,E,11,G,Y,,,,B,N,N,D,1,1,0,0,21954.0,2,38.01449223,-120.40455157,2
2016,2016-06-18,750,6,2,7,6,Y,A,Y,A,H,A,A,07,,09,D,,,,,C,Y,N,A,5,0,0,0,21802.0,2,,,3
2016,2016-06-20,1430,6,2,14,1,Y,B,N,A,H,A,A,01,,08,G,Y,,,,B,N,M,D,1,1,0,0,22107.0,2,38.04113991,-120.26627998,4
2016,2016-06-22,503,6,2,5,3,Y,A,Y,A,H,D,A,01,,09,D,,,,,C,Y,N,A,1,0,0,0,21802.0,2,37.87475619,-120.43487469,4
2016,2016-06-20,2055,6,2,20,1,N,A,N,A,H,D,D,22,N,01,E,,,,,I,Y,N,D,1,0,0,0,23152.0,1,37.96097283,-120.42574789,3
2016,2016-06-17,1740,6,2,17,5,Y,A,Y,A,H,A,A,01,,09,D,,,,,C,Y,N,A,1,0,0,0,21802.0,2,37.89115307,-120.48825663,3
2016,2016-06-27,1438,6,2,14,1,Y,A,N,A,H,A,A,07,,08,A,,,Y,,C,N,N,D,1,0,0,1,22107.0,2,38.0106599,-120.27094,3
2016,2016-06-18,1745,6,2,17,6,N,A,Y,A,H,A,C,02,W,01,F,,,Y,,A,Y,N,D,1,0,0,1,23152.0,2,38.06484739,-120.19514405,3
2016,2016-06-25,1212,6,2,12,6,N,A,N,A,H,A,E,22,E,08,B,Y,,,,C,N,N,D,1,1,0,0,22107.0,3,37.95586411,-120.4222852,3
2016,2016-06-27,900,6,2,9,1,N,A,Y,A,H,A,D,22,E,08,F,,,,,A,Y,N,D,1,0,0,0,22107.0,1,37.82114111,-120.28851115,2
2016,2016-06-23,1500,6,2,15,4,N,A,Y,A,H,A,A,01,S,08,E,,,,,I,Y,N,D,1,0,0,0,22107.0,1,37.90601123,-120.45310516,3
2016,2016-06-26,1200,6,2,12,7,N,A,Y,A,H,A,A,01,W,09,D,,,,,C,Y,N,D,3,0,0,0,21804.0,2,,,4
2016,2016-06-25,2230,6,2,22,6,N,A,N,A,H,D,L,04,N,17,F,,Y,,,A,N,N,D,1,0,1,0,21200.0,1,38.03718978,-120.4027644,2
2016,2016-07-03,1218,7,2,12,7,N,A,Y,A,H,A,A,07,E,05,A,,,,,C,Y,N,D,2,0,0,0,21460.0,2,,,4
2016,2016-06-19,1715,6,2,17,7,Y,A,Y,A,H,A,A,01,,09,A,,,,,C,Y,N,A,4,0,0,0,21801.0,2,,,2
2016,2016-07-05,1223,7,2,12,2,N,A,Y,A,H,A,D,22,E,03,C,,,,,C,Y,N,A,2,0,0,0,22350.0,2,37.97628,-120.35800532,4
2016,2016-06-23,1620,6,2,16,4,N,A,Y,A,H,A,C,02,E,03,F,,,Y,,A,Y,N,D,1,0,0,1,22350.0,1,37.88003993,-120.45596621,2
2016,2016-07-06,550,7,2,5,3,N,A,Y,A,H,A,A,01,E,08,F,,,,,A,Y,N,D,1,0,0,0,22107.0,1,37.85183833,-120.41195707,4
2016,2016-07-05,705,7,2,7,2,N,A,Y,A,H,A,A,07,W,08,E,,,,,I,Y,N,D,1,0,0,0,22107.0,1,37.84633416,-120.5622982,3
2016,2016-07-10,1600,7,2,16,7,N,A,Y,A,H,A,C,02,E,03,F,,,Y,,A,N,N,D,1,0,0,1,22350.0,1,38.32448661,-119.71050824,4
2016,2016-07-10,1653,7,2,16,7,N,A,Y,A,H,A,A,07,E,09,D,,,,,C,N,N,D,1,0,0,0,21804.0,2,37.83994794,-120.22509355,4
2016,2016-07-13,1445,7,2,14,3,Y,A,N,A,H,A,A,01,,03,C,,,,,C,N,N,D,1,0,0,0,22350.0,2,38.03676999,-120.40231991,4
2016,2016-07-08,1700,7,2,17,5,N,A,Y,A,H,A,A,01,E,05,A,,,,,C,Y,N,D,3,0,0,0,21460.0,2,38.09008828,-120.14990564,2
2016,2016-07-11,615,7,2,6,1,N,A,N,A,H,A,A,01,S,08,E,,,,,I,Y,N,D,1,0,0,0,22107.0,1,38.00457989,-120.4061423,4
2016,2016-07-15,1829,7,2,18,5,N,A,Y,A,H,A,A,01,E,08,E,,,,,I,Y,N,D,1,0,0,0,22107.0,1,37.82480564,-120.28460329,3
2016,2016-07-15,1615,7,2,16,5,N,A,Y,A,H,A,A,01,E,05,E,,,,,I,Y,N,D,1,0,0,0,21650.0,1,38.25196091,-119.99794818,3
2016,2016-07-14,1610,7,2,16,4,N,A,N,A,H,A,A,01,W,03,E,,,,,I,Y,N,D,1,0,0,0,22350.0,1,37.95102,-120.40030002,4
2016,2016-07-16,1230,7,2,12,6,Y,A,Y,A,H,A,A,01,,09,D,,,,Y,C,Y,N,A,2,0,0,0,21802.0,2,37.89119993,-120.48828994,3
2016,2016-07-16,2318,7,2,23,6,N,A,N,A,H,D,C,06,N,01,F,,,Y,,A,Y,N,D,2,0,0,2,23152.0,1,38.00485834,-120.31067612,2
2016,2016-07-18,1530,7,2,15,1,N,A,Y,A,H,A,C,02,E,08,F,,,Y,,A,Y,N,D,1,0,0,1,22107.0,1,38.31616181,-119.73177195,4
2016,2016-07-21,1750,7,2,17,4,N,A,N,A,H,A,A,07,W,03,C,,,,,C,Y,N,D,1,0,0,0,22350.0,2,37.98281858,-120.3051717,4
2016,2016-07-24,1317,7,2,13,7,N,A,N,A,H,A,D,22,E,00,E,,,,,I,Y,N,D,1,0,0,0,22017.0,1,37.98223548,-120.33193331,4
2016,2016-07-20,1409,7,2,14,3,N,A,N,A,H,A,D,22,E,08,E,,,,,I,N,N,D,1,0,0,0,22107.0,1,37.97823931,-120.20922503,4
2016,2016-07-23,1805,7,2,18,6,Y,A,Y,A,H,A,A,07,,09,D,,,,,C,Y,N,A,3,0,0,0,21802.0,2,38.01156706,-120.40401576,3
2016,2016-07-20,2114,7,2,21,3,N,A,N,A,H,D,A,01,S,01,E,,,,,I,Y,N,D,1,0,0,0,23152.0,1,37.93335373,-120.42276887,3
2016,2016-07-23,1530,7,2,15,6,Y,A,Y,A,H,A,A,01,,09,D,,,,,D,Y,N,A,1,0,0,0,21801.0,2,37.87506117,-120.43567674,4
2016,2016-07-23,1700,7,2,17,6,N,A,Y,A,H,A,A,01,E,03,C,,,,,C,Y,N,D,1,0,0,0,22350.0,3,38.16512798,-120.04867963,3
2016,2016-07-21,2140,7,2,21,4,N,A,Y,A,H,D,C,02,W,08,B,,,Y,,C,Y,N,D,1,0,0,1,22107.0,2,38.06491498,-120.19498821,2
2016,2016-07-25,1040,7,2,10,1,Y,A,Y,A,H,A,D,22,,09,F,,,Y,,A,N,N,D,1,0,0,1,21802.0,2,38.23126,-119.99735986,3
2016,2016-06-18,435,6,2,4,6,N,A,N,A,H,D,D,22,S,08,E,,,,,I,Y,N,A,0,0,0,0,22107.0,1,37.91610932,-120.38930721,1
2016,2016-07-27,815,7,2,8,3,N,A,N,A,H,A,A,07,N,08,E,,,,,I,Y,N,D,1,0,0,0,22107.0,1,37.8152,-119.87523,3
2016,2016-07-28,1125,7,2,11,4,N,A,Y,A,H,A,A,01,E,05,B,,,,,C,Y,N,D,1,0,0,0,21460.0,2,37.83854006,-120.20666004,4
2016,2016-07-20,1555,7,2,15,3,N,A,N,A,H,A,A,01,N,08,E,,,,,I,Y,N,D,2,0,0,0,22107.0,1,37.86137117,-120.63000262,3
2016,2016-07-29,1525,7,2,15,5,N,A,Y,A,H,A,C,02,E,01,F,,,Y,,A,Y,N,D,1,0,0,1,23152.0,1,38.09638968,-120.12870814,3
2016,2016-07-29,2208,7,2,22,5,Y,A,Y,A,H,D,E,22,,09,D,,,,,C,Y,N,A,1,0,0,0,21802.0,2,37.83923293,-120.62610529,4
2016,2016-07-28,2253,7,2,22,4,N,A,N,A,H,C,A,07,E,01,E,,,,,I,Y,N,D,1,0,0,0,23152.0,1,38.00553133,-120.26098672,3
2016,2016-07-29,1852,7,2,18,5,N,A,N,A,H,A,A,01,S,08,E,,,,,I,Y,N,D,1,0,0,0,22107.0,1,37.92538927,-120.41860981,3
2016,2016-07-30,1735,7,2,17,6,N,A,Y,A,H,A,A,01,S,04,C,,,,,C,N,N,D,1,0,0,0,21703.0,2,37.96172154,-120.41170739,4
2016,2016-08-01,1130,8,2,11,1,N,A,N,A,H,A,A,01,E,08,E,,,,,I,Y,N,D,1,0,0,0,22107.0,1,37.96369389,-120.40314483,4
2016,2016-07-29,2500,7,2,25,5,N,A,Y,A,H,D,A,01,S,08,F,,,,,I,Y,N,D,1,0,0,0,22107.0,1,37.88636863,-120.44130799,2
2016,2016-08-07,2020,8,2,20,7,N,A,Y,A,H,D,A,01,S,03,C,,,,,C,N,N,A,1,0,0,0,22350.0,2,,,4
2016,2016-08-10,1645,8,2,16,3,N,A,N,A,H,A,A,07,S,08,C,,,,,E,Y,N,D,1,0,0,0,22107.0,2,37.98360661,-120.36691356,4
2016,2016-08-06,1620,8,2,16,6,N,A,Y,A,H,A,C,02,W,01,F,,,Y,,A,Y,N,D,1,0,0,1,23152.0,1,38.16951641,-120.04056936,2
2016,2016-08-07,1240,8,2,12,7,Y,A,Y,A,H,A,A,07,,09,D,,,,,C,Y,N,D,2,0,0,0,21801.0,2,38.0197399,-120.24683,4
2016,2016-07-16,1345,7,2,13,6,N,A,Y,A,H,A,C,02,W,01,E,,,Y,,I,Y,N,D,0,0,0,0,23152.0,1,38.20184424,-120.02216431,1
2016,2016-08-07,1358,8,2,13,7,N,A,N,A,H,A,C,02,E,08,F,,,Y,,A,Y,N,D,1,0,0,1,22107.0,2,,,4
2016,2016-08-16,1225,8,2,12,2,N,A,N,A,H,A,A,07,N,08,E,,,,,I,Y,N,D,1,0,0,0,22107.0,1,38.024112,-120.2542769,4
2016,2016-08-15,1538,8,2,15,1,N,A,N,A,H,A,D,22,N,08,E,,,,,I,Y,N,D,1,0,0,0,22107.0,1,37.87854162,-120.44891059,3
2016,2016-07-30,732,7,2,7,6,N,A,Y,A,H,A,A,01,W,08,B,,,Y,,C,Y,N,D,0,0,0,0,22107.0,2,37.8452585,-120.38402247,1
2016,2016-08-12,1658,8,2,16,5,N,A,N,A,H,A,A,01,W,03,E,,,,,I,Y,N,D,1,0,0,0,22350.0,1,37.89321946,-120.56641742,4
2016,2016-08-13,2200,8,2,22,6,N,A,Y,A,H,D,A,01,W,04,C,,,,,C,N,N,D,1,0,0,0,21703.0,2,37.82430459,-120.17095526,4
2016,2016-08-18,1815,8,2,18,4,N,A,N,A,H,A,A,01,S,08,E,,,,,I,Y,N,D,1,0,0,0,22107.0,1,37.96476285,-120.37728581,3
2016,2016-08-19,1300,8,2,13,5,N,A,Y,A,H,A,C,02,E,08,E,,,Y,,I,N,N,D,1,0,0,1,22107.0,1,38.33326597,-119.7628739,3
2016,2016-08-18,1910,8,2,19,4,N,A,N,A,H,A,D,22,N,08,G,Y,,,,B,N,F,D,1,1,0,0,22107.0,2,37.81624,-119.93951,2
2016,2016-08-19,50,8,2,0,5,N,A,N,A,H,D,D,22,S,08,E,,,,,I,Y,N,D,1,0,0,0,22107.0,1,37.71412805,-120.45414759,3
2016,2016-08-21,1320,8,2,13,7,N,B,Y,A,H,A,-,- ,W,18,H,,,,,H,Y,N,D,1,0,0,0,,1,38.08776752,-120.15176869,4
2016,2016-08-15,1642,8,2,16,1,N,A,Y,A,H,A,A,01,W,08,E,,,,,I,Y,N,D,1,0,0,0,22107.0,1,37.8208282,-120.15800438,2
2016,2016-08-21,1420,8,2,14,7,N,A,Y,A,H,A,A,01,W,01,F,,,,,A,Y,N,D,1,0,0,0,23152.0,1,37.91854942,-120.45221169,3
2016,2016-08-21,1545,8,2,15,7,N,B,Y,A,H,A,-,- ,E,18,E,,,,,J,Y,N,D,1,0,0,0,,1,38.23585912,-119.99521715,2
2016,2016-08-21,930,8,2,9,7,N,A,Y,A,H,A,A,01,S,03,C,,,,,C,Y,N,D,1,0,0,0,22350.0,2,37.99101401,-120.46169645,4
2016,2016-08-13,312,8,2,3,6,N,A,Y,A,H,C,A,01,S,01,E,,,,,I,N,N,D,1,0,0,0,23152.0,1,37.9983167,-120.38370933,3
2016,2016-08-19,1450,8,2,14,5,Y,A,Y,A,H,A,A,01,,09,D,,,,Y,C,Y,N,A,4,0,0,0,21802.0,3,37.89108449,-120.48872042,3
2016,2016-08-11,2145,8,2,21,4,N,A,Y,A,H,C,A,01,W,09,A,,,Y,,C,Y,F,D,1,0,0,1,21801.0,2,37.83989813,-120.22623521,4
2016,2016-08-19,2500,8,2,25,5,N,A,N,A,H,D,D,22,N,08,F,,,,,A,Y,N,D,1,0,0,0,22107.0,1,37.82473881,-120.01205286,3
2016,2016-08-20,1950,8,2,19,6,N,A,Y,A,H,B,C,02,N,08,E,,,Y,,I,Y,N,D,1,0,0,1,22107.0,1,37.87989302,-120.43643652,3
2016,2016-08-21,233,8,2,2,7,N,A,Y,A,H,D,A,01,E,08,E,,,,,I,Y,N,D,1,0,0,0,22107.0,1,37.84991358,-120.593989,3
2016,2016-08-23,1558,8,2,15,2,N,A,N,A,H,A,C,02,N,08,E,,,Y,,I,Y,N,D,1,0,0,1,22107.0,1,37.86493,-120.44435823,2
2016,2016-08-29,2330,8,2,23,1,N,A,Y,A,H,D,A,01,E,08,E,,,,,J,Y,N,D,1,0,0,0,22107.0,1,38.31795295,-119.74425311,4
2016,2016-09-02,1540,9,3,15,5,N,A,Y,A,H,A,D,22,S,03,C,,,,,C,N,N,D,1,0,0,0,22350.0,2,37.99814885,-120.38371483,4
2016,2016-08-18,1615,8,2,16,4,N,A,Y,A,H,A,A,07,W,08,F,,,,,A,Y,N,D,1,0,0,0,22107.0,1,37.84999597,-120.58462701,1
2016,2016-09-02,900,9,3,9,5,N,A,N,A,H,A,C,02,E,03,C,,,Y,,E,Y,N,D,1,0,0,1,22350.0,2,38.005771,-120.307123,2
2016,2016-08-20,2020,8,2,20,6,N,A,Y,A,H,D,D,22,E,01,F,,,,,A,Y,N,D,1,0,0,0,23152.0,1,37.98700214,-120.28562032,3
2016,2016-08-27,1700,8,2,17,6,N,A,Y,A,H,A,A,07,E,08,F,,,,,A,Y,N,D,3,0,0,0,22107.0,1,,,3
2016,2016-09-03,1952,9,3,19,6,N,A,Y,A,H,A,D,22,N,01,F,,,,,A,Y,N,D,1,0,0,0,23152.0,1,38.01138094,-120.41817308,3
2016,2016-08-24,505,8,2,5,3,N,A,N,A,H,C,C,02,E,01,F,,,Y,,A,N,N,D,1,0,0,1,23152.0,1,38.01838946,-120.39570814,3
2016,2016-09-04,2150,9,3,21,7,N,A,Y,A,H,D,A,01,N,01,E,,,,,I,Y,N,D,2,0,0,0,23152.0,1,38.00158198,-120.4287363,3
2016,2016-09-06,810,9,3,8,2,N,A,N,A,H,A,A,08,E,09,D,,,,,C,Y,N,D,1,0,0,0,21804.0,2,37.9770321,-120.32101994,4
2016,2016-09-06,1730,9,3,17,2,N,A,N,A,H,A,D,22,W,09,B,,,,,C,Y,N,D,1,0,0,0,21804.0,2,37.98009665,-120.34076929,4
2016,2016-09-07,1705,9,3,17,3,N,A,Y,A,H,A,A,01,W,03,C,,,,,C,Y,N,D,2,0,0,0,22350.0,2,,,3
2016,2016-07-09,947,7,2,9,6,Y,A,Y,A,H,A,A,07,,09,A,,,,,C,Y,N,D,1,0,0,0,21801.0,2,38.0197399,-120.24683,1
2016,2016-09-07,825,9,3,8,3,Y,A,Y,A,H,A,A,01,,12,D,,,,,C,Y,N,A,1,0,0,0,21453.0,2,,,3
2016,2016-09-08,1006,9,3,10,4,Y,A,Y,A,H,A,A,08,,09,D,,,,,C,Y,N,A,1,0,0,0,21802.0,2,37.87473073,-120.43480775,3
2016,2016-08-31,2330,8,2,23,3,N,A,Y,A,H,D,A,01,E,01,E,,,,,I,Y,N,A,1,0,0,0,23152.0,1,37.88212456,-120.4794513,3
2016,2016-09-09,1105,9,3,11,5,N,A,N,A,H,A,D,22,N,13,G,Y,,,,B,N,N,D,1,1,0,0,22515.0,3,38.0330585,-120.2374639,3
2016,2016-09-04,1438,9,3,14,7,Y,A,Y,A,H,A,D,22,,09,D,,,,,C,Y,N,A,3,0,0,0,21801.0,3,37.99166748,-120.27713654,4
2016,2016-08-29,1100,8,2,11,1,N,A,N,A,H,A,D,22,W,03,C,,,,,C,N,F,A,1,0,0,0,22350.0,2,37.95743138,-120.3121688,4
2016,2016-09-09,1925,9,3,19,5,N,A,Y,A,H,C,A,01,W,04,C,,,Y,,C,N,N,A,1,0,0,1,21703.0,2,37.96776672,-120.37848891,4
2016,2016-09-12,15,9,3,0,1,N,B,N,A,H,D,A,01,N,01,F,,,,,A,Y,N,D,1,0,0,0,23152.0,1,37.96081657,-120.30798343,3
2016,2016-09-17,925,9,3,9,6,N,A,Y,A,H,A,C,02,N,08,F,,,Y,,A,N,N,D,1,0,0,1,22107.0,1,37.76621566,-120.25976467,3
2016,2016-09-20,705,9,3,7,2,N,A,Y,A,H,A,A,01,E,08,E,,,,,I,Y,N,D,1,0,0,0,22107.0,1,38.00069305,-120.26155474,4
2016,2016-09-13,2015,9,3,20,2,N,A,Y,A,H,D,N,60,S,00,G,Y,,,,B,Y,N,D,2,2,0,0,21954.0,3,37.954073,-120.42445706,2
2016,2016-09-14,1612,9,3,16,3,N,A,N,A,H,A,A,01,W,04,C,,,,,C,Y,N,D,1,0,0,0,21703.0,2,37.96535619,-120.27159249,4
2016,2016-09-20,1450,9,3,14,2,N,A,N,A,H,A,D,22,E,04,C,,,,,C,N,N,A,1,0,0,0,21703.0,2,37.95743827,-120.41818678,4