ACCIDENT_YEAR,COLLISION_DATE,COLLISION_TIME,MONTH,SEASON,24HOURS,DAY_OF_WEEK,INTERSECTION,WEATHER_1,STATE_HWY_IND,ROAD_SURFACE,ROAD_COND_1,LIGHTING,STWD_VEHTYPE_AT_FAULT,CHP_VEHTYPE_AT_FAULT,DIRECTION,PCF_VIOL_CATEGORY,TYPE_OF_COLLISION,PEDESTRIAN_ACCIDENT,BICYCLE_ACCIDENT,MOTORCYCLE_ACCIDENT,TRUCK_ACCIDENT,MVIW,TOW_AWAY,HIT_AND_RUN,CONTROL_DEVICE,NUMBER_INJURED,COUNT_PED_INJURED,COUNT_BICYCLIST_INJURED,COUNT_MC_INJURED,PCF_VIOLATION,PARTY_COUNT,POINT_Y,POINT_X,COLLISION_SEVERITY
2016,2016-09-20,800,9,3,8,2,N,A,N,A,H,A,C,06,W,08,F,,,Y,,A,Y,N,D,1,0,0,1,22107.0,1,37.70823,-120.35035,3
2016,2016-09-22,1540,9,3,15,4,N,A,Y,A,H,A,A,07,W,08,F,,,,,A,Y,N,D,1,0,0,0,22107.0,1,37.88138002,-120.47788177,4
2016,2016-09-22,1830,9,3,18,4,N,A,N,A,H,A,D,22,S,08,E,,,,,I,Y,N,D,1,0,0,0,22107.0,1,37.99831382,-120.23231909,3
2016,2016-09-24,1950,9,3,19,6,N,A,Y,A,H,D,-,- ,W,18,H,,,,,H,Y,N,D,1,0,0,0,,1,37.88041478,-120.50603899,4
2016,2016-09-26,1420,9,3,14,1,Y,A,N,A,H,A,A,01,,09,F,,,Y,,A,Y,N,A,1,0,0,1,21802.0,2,38.01833992,-120.39586996,3
2016,2016-09-24,1850,9,3,18,6,Y,A,N,A,H,B,A,01,,09,D,,,,,C,Y,N,D,1,0,0,0,21802.0,2,37.96524989,-120.27108988,4
2016,2016-09-25,1450,9,3,14,7,Y,A,Y,A,H,A,A,01,,05,A,,,,,C,Y,N,D,2,0,0,0,21460.0,2,38.0456332,-120.20803324,4
2016,2016-09-17,2145,9,3,21,6,Y,A,N,A,H,C,A,07,,12,D,,,,,C,Y,N,A,2,0,0,0,21453.0,2,37.97624944,-120.35898596,3
2016,2016-09-25,49,9,3,0,7,N,A,Y,A,H,D,D,22,N,01,E,,,,,I,Y,N,D,3,0,0,0,23152.0,1,38.01138094,-120.41817308,2
2016,2016-09-24,555,9,3,5,6,N,A,Y,A,H,C,A,01,W,08,E,,,,,I,Y,N,D,1,0,0,0,22107.0,1,37.96481261,-120.38539757,3
2016,2016-09-26,924,9,3,9,1,N,A,N,A,H,A,A,01,S,09,D,,,,,C,Y,N,D,1,0,0,0,21804.0,2,38.00491117,-120.23384219,4
2016,2016-09-29,1855,9,3,18,4,N,A,Y,A,H,B,A,01,E,01,E,,,,,I,Y,N,D,1,0,0,0,23152.0,1,37.67794995,-120.3513571,4
2016,2016-09-30,1450,9,3,14,5,N,A,Y,A,H,A,A,08,N,03,C,,,,,C,Y,N,D,1,0,0,0,22350.0,2,37.9454804,-120.427104,4
2016,2016-10-06,1530,10,3,15,4,N,A,Y,A,H,A,A,01,E,08,E,,,,,I,Y,N,D,1,0,0,0,22107.0,1,38.06738562,-120.18837455,4
2016,2016-10-06,1435,10,3,14,4,N,A,Y,A,H,A,A,01,E,08,E,,,,,I,Y,N,D,1,0,0,0,22107.0,1,37.81461898,-120.27223174,4
2016,2016-09-26,2125,9,3,21,1,N,A,N,A,H,D,A,07,S,01,E,,,,,J,Y,N,D,1,0,0,0,23152.0,1,38.034,-120.27166,3
2016,2016-10-07,2053,10,3,20,5,N,A,N,A,H,D,-,- ,N,18,E,,,,,I,Y,N,D,3,0,0,0,,1,37.96143027,-120.24037868,3
2016,2016-10-09,1635,10,3,16,7,N,A,Y,A,C,A,A,01,W,17,H,,,,,C,Y,N,D,1,0,0,0,23114.0,2,38.03514967,-120.22491707,3
2016,2016-10-10,2030,10,3,20,1,N,A,Y,A,H,D,C,02,W,03,F,,,Y,,A,Y,N,D,1,0,0,1,22350.0,1,37.84293704,-120.5282893,3
2016,2016-10-10,1005,10,3,10,1,N,A,N,A,H,A,-,- ,E,00,B,,,,Y,C,N,N,D,1,0,0,0,,2,38.08436658,-120.18946951,4
2016,2016-10-08,335,10,3,3,6,N,A,Y,A,H,D,A,01,W,05,E,,,,,I,Y,N,D,1,0,0,0,21650.0,1,37.84114774,-120.51489046,3
2016,2016-09-18,1735,9,3,17,7,N,A,N,A,H,A,A,01,E,01,E,,,,,I,Y,N,D,1,0,0,0,23152.0,1,38.02272424,-120.41154982,4
2016,2016-06-25,2019,6,2,20,6,N,A,N,A,H,B,C,02,N,01,F,,,Y,,A,Y,N,D,0,0,0,0,23152.0,1,37.94918201,-120.27921319,1
2016,2016-10-19,2030,10,3,20,3,N,A,N,A,H,D,D,22,S,01,F,,,,,A,Y,N,D,1,0,0,0,23152.0,1,38.04274335,-120.24857015,4
2016,2016-10-15,2300,10,3,23,6,N,B,Y,B,H,D,A,07,E,08,F,,,,,A,Y,N,D,2,0,0,0,22107.0,1,37.84854079,-120.58128883,3
2016,2016-10-16,150,10,3,1,7,N,B,Y,B,H,D,N,60,S,11,G,Y,,,,C,N,N,D,1,1,0,0,21950.0,2,37.95390005,-120.42452825,3
2016,2016-10-20,1835,10,3,18,4,N,A,N,A,H,D,A,01,N,03,C,,,,,C,N,N,D,1,0,0,0,22350.0,2,38.03709144,-120.40266985,4
2016,2016-10-19,1700,10,3,17,3,Y,A,Y,A,H,A,A,01,,03,C,,,Y,,C,Y,N,D,3,0,0,2,22350.0,3,37.99843952,-120.3837053,2
2016,2016-10-23,505,10,3,5,7,N,B,N,A,H,D,A,07,W,03,F,,,,,A,Y,N,D,1,0,0,0,22350.0,1,38.00804081,-120.2948284,3
2016,2016-10-24,2100,10,3,21,1,N,A,Y,A,H,A,-,99,N,08,G,Y,,,,B,N,F,D,1,1,0,0,22107.0,2,37.96251083,-120.40911549,4
2016,2016-10-16,35,10,3,0,7,N,C,N,A,H,D,A,01,N,03,E,,,,,I,Y,N,D,1,0,0,0,22350.0,1,37.96771938,-120.41596969,4
2016,2016-10-27,1705,10,3,17,4,Y,B,Y,B,H,A,A,07,,09,D,,,,,C,N,N,A,3,0,0,0,21802.0,2,37.93507681,-120.44316546,4
2016,2016-10-28,1258,10,3,12,5,N,B,N,B,H,A,D,22,N,03,B,,,,,C,Y,N,D,2,0,0,0,22350.0,2,37.99778172,-120.25807176,2
2016,2016-10-20,1535,10,3,15,4,Y,A,Y,A,H,A,A,01,,09,D,,,,,C,Y,N,A,2,0,0,0,21802.0,2,37.9365485,-120.4408768,3
2016,2016-10-17,2200,10,3,22,1,N,A,Y,A,H,D,A,01,E,08,E,,,,,I,Y,N,D,1,0,0,0,22107.0,1,37.82415597,-120.33430019,4
2016,2016-11-03,1750,11,3,17,4,N,A,Y,A,H,A,D,22,N,08,F,,,,,A,Y,N,D,1,0,0,0,22107.0,1,37.99882566,-120.43148235,4
2016,2016-11-04,1110,11,3,11,5,N,A,N,A,H,A,D,22,S,03,C,,,,Y,C,N,N,D,1,0,0,0,22350.0,2,38.05760272,-120.26568575,4
2019,2019-05-15,1248,5,1,12,3,N,C,N,B,H,A,A,01,S,03,C,,,,,C,Y,N,D,2,0,0,0,22350.0,2,37.97569274902344,-120.37957000732422,3
2016,2016-11-03,815,11,3,8,4,N,A,N,A,H,A,A,01,E,08,F,,,,,A,Y,N,A,1,0,0,0,22107.0,1,37.94671725,-120.41104638,4
2016,2016-10-30,1530,10,3,15,7,Y,C,Y,B,H,A,A,01,,03,D,,,,,C,Y,F,A,1,0,0,0,22350.0,2,38.01156706,-120.40401576,4
2016,2016-11-03,1830,11,3,18,4,N,A,Y,A,H,D,D,22,E,05,F,,,,,A,Y,N,D,1,0,0,0,21650.0,1,37.82270149,-120.33113871,4
2016,2016-11-07,1728,11,3,17,1,Y,A,N,A,H,C,A,08,,12,A,,,,,C,Y,N,A,2,0,0,0,21453.0,2,37.97624873,-120.35898596,3
2016,2016-11-08,1610,11,3,16,2,N,A,N,A,H,A,E,22,W,08,H,,,,,H,Y,N,A,1,0,0,0,22107.0,2,37.96560749,-120.23977768,3
2016,2016-11-12,2300,11,3,23,6,N,A,Y,A,H,D,A,01,E,08,E,,,,,I,Y,N,D,1,0,0,0,22107.0,1,37.85892896,-120.42200305,2
2016,2016-11-11,40,11,3,0,5,N,A,Y,A,H,D,A,01,E,01,E,,,,,I,Y,N,D,1,0,0,0,23152.0,1,,,3
2016,2016-11-16,1655,11,3,16,3,N,B,N,B,H,B,A,01,E,03,C,,,,,C,N,N,D,2,0,0,0,22350.0,2,37.97770609,-120.3418083,4
2016,2016-11-11,1450,11,3,14,5,N,A,N,A,H,A,A,07,E,01,E,,,,,I,Y,N,D,1,0,0,0,23152.0,1,38.01538,-120.27563,3
2016,2016-11-10,810,11,3,8,4,N,A,Y,A,H,A,A,01,W,03,E,,,,,I,Y,N,A,1,0,0,0,22350.0,1,,,4
2016,2016-11-18,1048,11,3,10,5,Y,A,Y,A,H,A,A,01,,09,D,,,,,C,N,N,A,1,0,0,0,21802.0,2,37.95833736,-120.41824967,4
2016,2016-11-19,2130,11,3,21,6,N,C,N,B,H,D,A,01,N,08,E,,,,,I,Y,N,D,1,0,0,0,22107.0,1,38.01226692,-120.28349497,4
2016,2016-11-18,1335,11,3,13,5,N,A,Y,A,H,A,D,22,N,08,E,,,,,I,Y,N,D,1,0,0,0,22107.0,1,37.99855423,-120.38369477,4
2016,2016-11-28,923,11,3,9,1,N,B,Y,B,H,A,A,01,N,03,C,,,,,C,N,N,D,1,0,0,0,22350.0,2,,,4
2016,2016-11-26,1340,11,3,13,6,Y,B,Y,B,H,A,A,07,,09,D,,,,,C,N,N,A,1,0,0,0,21802.0,2,37.93504129,-120.44319902,4
2016,2016-11-28,1710,11,3,17,1,N,B,N,B,H,D,D,22,S,08,A,,,,,C,Y,N,D,1,0,0,0,22107.0,2,37.96434054,-120.44359875,4
2016,2016-11-22,1435,11,3,14,2,N,A,Y,A,H,A,A,01,W,03,D,,,,Y,C,Y,N,A,1,0,0,0,22350.0,2,37.84327193,-120.50818614,4
2016,2016-11-26,1152,11,3,11,6,N,B,Y,A,H,A,A,07,W,01,E,,,,,I,Y,N,D,1,0,0,0,23152.0,1,38.09431231,-120.1306812,3
2016,2016-12-06,1130,12,4,11,2,N,B,Y,A,H,A,A,01,N,08,F,,,,,I,Y,N,D,1,0,0,0,22107.0,1,37.99496097,-120.38332588,4
2016,2016-11-22,810,11,3,8,2,Y,A,N,A,H,A,A,01,,09,D,,,,,C,Y,N,A,1,0,0,0,21453.0,2,37.97627999,-120.35803989,4
2016,2016-11-29,2240,11,3,22,2,N,A,N,A,H,D,A,01,N,03,E,,,,,I,Y,N,D,1,0,0,0,22350.0,1,37.99537303,-120.2368634,3
2016,2016-12-05,756,12,4,7,1,N,A,Y,A,H,A,A,07,N,01,E,,,,,I,Y,N,A,1,0,0,0,23152.0,1,,,4
2016,2016-11-23,2230,11,3,22,3,N,A,N,B,H,D,A,01,S,01,E,,,,,I,Y,N,D,1,0,0,0,23152.0,1,37.87469925,-120.59859262,3
2016,2016-12-01,1545,12,4,15,4,Y,A,N,A,H,A,A,01,,03,C,,,,,C,Y,N,D,1,0,0,0,22350.0,2,37.96037993,-120.29476995,4
2016,2016-12-04,1909,12,4,19,7,Y,A,Y,A,H,C,A,01,,08,E,,,,,I,Y,N,A,1,0,0,0,22107.0,1,37.96517781,-120.39397422,3
2016,2016-12-03,255,12,4,2,6,N,A,N,A,H,D,A,01,S,08,E,,,,,I,Y,N,D,1,0,0,0,22107.0,1,37.85576834,-120.37281771,2
2016,2016-12-11,2250,12,4,22,7,N,B,N,B,H,D,A,01,W,03,E,,,,,I,Y,N,D,1,0,0,0,22350.0,1,38.00804081,-120.2948284,2
2016,2016-12-09,745,12,4,7,5,N,B,N,B,H,A,A,01,E,08,E,,,,,I,Y,N,D,1,0,0,0,22107.0,1,38.03853531,-120.37574329,4
2016,2016-12-09,1510,12,4,15,5,N,B,N,B,H,A,D,22,E,03,F,,,,,I,Y,N,D,1,0,0,0,22350.0,1,37.96294177,-120.26063002,4
2016,2016-12-09,825,12,4,8,5,N,B,N,B,H,A,A,07,N,03,E,,,,,I,Y,N,A,1,0,0,0,22350.0,1,37.89333405,-120.56648444,3
2016,2016-12-11,2150,12,4,21,7,N,B,Y,B,H,D,A,01,W,08,E,,,,,I,Y,N,D,1,0,0,0,22107.0,1,37.84638042,-120.56349726,3
2016,2016-12-02,1815,12,4,18,5,N,B,Y,A,H,B,A,07,N,01,E,,,,,I,Y,N,D,1,0,0,0,23152.0,1,37.99359247,-120.48019548,2
2016,2016-12-04,1225,12,4,12,7,N,A,Y,A,H,A,A,01,E,08,B,,,,,C,Y,N,D,1,0,0,0,22107.0,2,,,3
2019,2019-02-21,1635,2,4,16,4,N,A,Y,A,H,A,A,07,N,03,C,,,,,C,N,N,D,1,0,0,0,22350.0,2,37.874881744384766,-120.43475341796876,3
2019,2019-02-23,1442,2,4,14,6,Y,B,Y,A,H,A,A,01,,10,G,Y,,,,B,N,N,A,1,1,0,0,21950.0,2,37.874881744384766,-120.43475341796876,3
2019,2019-04-22,1300,4,1,13,1,Y,A,Y,A,H,A,A,01,,03,H,,Y,,,G,N,N,D,1,0,1,0,22350.0,2,37.874881744384766,-120.43475341796876,3
2019,2019-01-09,1732,1,4,17,3,N,C,Y,B,H,C,A,01,S,03,C,,,,,C,N,N,D,1,0,0,0,22350.0,3,37.87488555908203,-120.43475341796876,3
2019,2019-08-02,919,8,2,9,5,N,A,Y,A,H,A,A,01,S,17,H,,Y,,,G,N,N,D,1,0,1,0,22517.0,2,37.874881744384766,-120.43475341796876,3
2016,2016-12-18,925,12,4,9,7,N,A,Y,C,H,A,A,07,E,03,F,,,,,A,Y,N,D,1,0,0,0,22350.0,1,,,4
2016,2016-12-07,1035,12,4,10,3,N,A,N,A,H,A,E,22,S,16,A,,,,,C,Y,N,D,1,0,0,0,29004.0,2,37.96389136,-120.42901739,4
2016,2016-12-17,1325,12,4,13,6,N,A,Y,A,H,A,A,01,W,08,F,,,,,A,Y,N,D,1,0,0,0,22107.0,1,37.93242678,-120.44445753,3
2016,2016-12-15,1450,12,4,14,4,Y,B,Y,B,H,A,A,07,,09,D,,,,,C,Y,N,A,2,0,0,0,21802.0,2,37.93504511,-120.44319541,4
2016,2016-12-16,1430,12,4,14,5,N,B,Y,A,H,A,A,07,S,05,A,,,,,C,Y,N,D,5,0,0,0,21460.0,2,37.99129503,-120.46150353,4
2016,2016-12-20,1750,12,4,17,2,N,A,N,A,H,C,A,08,E,03,C,,,,,C,Y,N,A,1,0,0,0,22350.0,2,37.97611195,-120.35625377,4
2016,2016-12-23,1000,12,4,10,5,N,B,Y,C,H,A,A,01,W,05,A,,,,,C,Y,N,A,1,0,0,0,21460.0,2,37.81601377,-119.87724029,4
2016,2016-12-19,1445,12,4,14,1,N,A,Y,A,H,A,A,01,E,01,E,,,,,I,Y,N,D,1,0,0,0,23152.0,1,37.81977063,-120.13333345,3
2016,2016-12-25,1809,12,4,18,7,Y,A,Y,A,H,C,A,01,,08,D,,,,,C,Y,N,A,4,0,0,0,22107.0,3,,,3
2016,2016-12-27,1524,12,4,15,2,N,A,N,A,H,A,A,01,E,03,C,,,,,C,N,N,D,1,0,0,0,22350.0,2,37.96040319,-120.29475145,4
2016,2016-12-27,2009,12,4,20,2,N,A,N,A,H,D,A,01,S,03,C,,,,,C,N,N,D,2,0,0,0,22350.0,2,38.01793278,-120.39582572,4
2017,2017-01-01,1750,1,4,17,7,N,B,Y,A,H,D,A,01,W,03,C,,,,,C,Y,N,D,2,0,0,0,22350.0,2,37.97038302,-120.36814062,4
2017,2017-01-01,1714,1,4,17,7,N,A,N,A,H,D,A,07,E,03,C,,,,,C,N,N,D,1,0,0,0,22350.0,2,37.96464228,-120.2449383,4
2017,2017-01-02,1455,1,4,14,1,N,B,N,B,H,A,A,01,E,08,B,Y,,,,E,N,N,D,1,1,0,0,22107.0,3,38.00894994,-120.29801414,2
2017,2017-01-01,830,1,4,8,7,N,A,Y,A,H,A,A,07,S,08,E,,,,,I,Y,N,D,2,0,0,0,22107.0,1,,,3
2017,2017-01-01,1645,1,4,16,7,N,B,N,A,H,B,M,47,E,08,F,,,,,A,Y,N,D,1,0,0,0,22107.0,1,37.96464228,-120.2449383,4
2017,2017-01-02,540,1,4,5,1,N,B,Y,C,B,D,A,01,E,08,E,,,,,I,Y,N,D,1,0,0,0,22107.0,1,,,2
2017,2017-01-07,2140,1,4,21,6,N,B,Y,B,H,D,A,01,E,03,E,,,,,I,Y,N,D,1,0,0,0,22350.0,1,38.04522731,-120.20738035,4
2017,2017-01-09,2220,1,4,22,1,N,B,N,B,H,D,A,01,W,03,E,,,,,I,Y,N,D,1,0,0,0,22350.0,1,38.05054613,-120.22216469,4
2017,2017-01-04,1907,1,4,19,3,N,B,Y,B,H,D,J,48,W,09,D,,,,,C,Y,N,D,3,0,0,0,21804.0,2,37.91554029,-120.45782587,3
2017,2017-01-07,300,1,4,3,6,N,B,N,B,H,D,A,07,S,08,E,,,,,I,Y,F,D,2,0,0,0,22107.0,1,38.02612536,-120.25266245,4
2017,2017-01-01,1010,1,4,10,7,N,B,Y,A,H,A,A,07,E,08,E,,,,,I,Y,N,D,1,0,0,0,22107.0,1,37.82836415,-119.98472141,3
2017,2017-01-04,1240,1,4,12,3,N,B,Y,B,H,A,A,01,W,03,E,,,,,I,Y,N,D,1,0,0,0,22350.0,1,,,3
2017,2017-01-06,45,1,4,0,5,N,A,Y,C,B,D,A,01,E,03,E,,,,,I,Y,N,D,1,0,0,0,22350.0,1,38.04524684,-120.20744051,3
2017,2017-01-09,1910,1,4,19,1,N,B,Y,B,H,D,A,07,S,08,E,,,,,I,Y,N,D,1,0,0,0,22107.0,1,37.98938409,-120.47184884,4
2016,2016-10-14,1933,10,3,19,5,N,C,Y,B,H,D,D,22,E,01,A,,,,,C,Y,N,D,1,0,0,0,23152.0,2,37.67947856,-120.35890436,1
2019,2019-01-14,1330,1,4,13,1,Y,B,N,A,H,A,D,72,,09,D,,,,,C,N,N,A,1,0,0,0,21802.0,2,37.98487091064453,-120.3815689086914,3
2019,2019-01-16,1021,1,4,10,3,N,C,Y,B,H,A,D,22,E,03,E,,,,,J,N,N,D,1,0,0,0,22350.0,1,37.8748779296875,-120.43474578857422,4
2019,2019-01-16,1557,1,4,15,3,Y,C,Y,B,H,A,A,01,,03,C,,,,,C,N,N,A,1,0,0,0,22350.0,2,37.87488555908203,-120.43475341796876,3
2019,2019-03-06,822,3,1,8,3,Y,C,Y,B,H,A,A,01,,09,B,,,,,C,N,N,D,1,0,0,0,21801.0,2,37.874881744384766,-120.43475341796876,4
2017,2017-01-13,1700,1,4,17,5,N,B,Y,A,H,A,D,22,E,03,C,,,,,C,Y,N,A,1,0,0,0,22350.0,2,37.95849281,-120.4179556,4
2017,2017-01-16,1430,1,4,14,1,N,A,N,A,H,A,A,01,W,09,B,,,Y,,C,N,N,A,1,0,0,1,21802.0,2,37.97554256,-120.349482,4
2017,2017-01-13,850,1,4,8,5,N,A,N,C,H,A,A,07,S,03,A,,,,,C,Y,N,D,1,0,0,0,22350.0,2,37.969776,-120.236836,4
2017,2017-01-19,1010,1,4,10,4,N,C,Y,B,H,A,A,01,S,03,E,,,,,I,Y,N,D,1,0,0,0,22350.0,1,,,4
2017,2017-01-20,1542,1,4,15,5,N,B,Y,B,H,A,D,22,S,03,B,,,,,C,Y,N,A,1,0,0,0,22350.0,3,37.95569271,-120.42313755,3
2017,2017-01-20,1615,1,4,16,5,N,B,N,B,H,A,A,01,N,03,F,,,,,A,Y,N,D,1,0,0,0,22350.0,1,37.73980421,-120.45016186,4
2017,2017-01-24,705,1,4,7,2,N,B,N,C,H,A,A,07,S,03,E,,,,,I,Y,N,D,2,0,0,0,22350.0,1,37.97669616,-120.36940119,4
2017,2017-01-27,1635,1,4,16,5,N,A,N,A,H,A,E,22,S,08,E,,,,,I,Y,N,D,1,0,0,0,22107.0,1,37.79653644,-120.46857729,4
2017,2017-01-07,1340,1,4,13,6,N,B,N,B,H,A,A,01,S,05,A,,,,,C,Y,N,A,2,0,0,0,21460.0,2,37.96418,-120.44440952,4
2016,2016-11-13,747,11,3,7,7,N,A,Y,A,H,A,A,01,E,01,F,,,,,A,Y,N,D,0,0,0,0,23152.0,1,38.00765017,-120.25874429,1
2017,2017-01-18,1400,1,4,14,3,Y,B,N,C,H,A,A,07,,09,D,,,,,C,Y,N,A,1,0,0,0,21802.0,2,38.1889199,-120.00234986,4
2017,2017-01-29,1550,1,4,15,7,Y,A,Y,A,H,A,D,22,,05,D,,,,,C,N,N,A,3,0,0,0,21460.0,2,37.94013398,-120.43435386,3
2017,2017-02-03,1425,2,4,14,5,N,B,Y,A,H,A,D,22,S,08,E,,,,,I,Y,N,A,1,0,0,0,22107.0,1,37.98006,-120.34031,3
2017,2017-01-31,1705,1,4,17,2,N,A,Y,A,H,A,A,01,W,03,C,,,,,C,N,N,A,1,0,0,0,22350.0,3,37.88520406,-120.49939523,4
2017,2017-02-05,1600,2,4,16,7,N,B,Y,A,H,A,-,- ,E,18,H,,,,,H,N,N,D,1,0,0,0,,1,38.04760899,-120.20389438,4
2017,2017-02-05,2022,2,4,20,7,Y,B,N,B,H,C,D,22,,12,A,,,,,C,Y,N,A,1,0,0,0,21453.0,2,37.97633401,-120.35661668,4
2017,2017-01-31,1345,1,4,13,2,N,A,Y,A,H,A,D,22,S,03,C,,,,,C,Y,N,D,1,0,0,0,22350.0,3,38.00272579,-120.38449759,4
2017,2017-01-24,650,1,4,6,2,N,A,Y,C,H,A,A,07,W,08,F,,,,,A,Y,N,D,2,0,0,0,22107.0,1,38.01385671,-120.25211466,3
2017,2017-02-05,1755,2,4,17,7,N,B,N,B,H,B,A,07,S,08,E,,,,,I,Y,N,D,2,0,0,0,22107.0,1,37.95114817,-120.39893344,3
2017,2017-02-08,1725,2,4,17,3,N,B,N,B,H,B,A,01,N,03,B,,,,,C,N,N,D,1,0,0,0,22350.0,2,37.88872957,-120.40941615,4
2017,2017-02-08,1615,2,4,16,3,N,B,Y,B,H,A,A,01,E,08,F,,,,,A,Y,N,D,1,0,0,0,22107.0,1,37.84904059,-120.58261509,3
2017,2017-02-08,1731,2,4,17,3,N,B,N,B,H,D,A,01,N,08,E,,,,,I,Y,N,D,1,0,0,0,22107.0,1,37.88872957,-120.40941615,3
2017,2017-02-01,1650,2,4,16,3,N,A,N,A,H,A,D,22,S,01,F,,,,,A,Y,N,A,1,0,0,0,23152.0,1,38.03543889,-120.39983317,3
2017,2017-01-31,1332,1,4,13,2,N,A,Y,A,H,A,D,22,N,08,E,,,,,I,N,N,D,1,0,0,0,22107.0,2,37.99177422,-120.45810093,4
2017,2017-02-11,1320,2,4,13,6,N,A,Y,A,H,A,A,01,E,08,E,,,,,I,Y,N,D,2,0,0,0,22107.0,1,,,4
2017,2017-02-04,20,2,4,0,6,N,A,N,B,H,C,A,01,S,08,F,,,,,A,Y,N,D,1,0,0,0,22107.0,1,37.84301001,-120.50774127,3
2016,2016-10-21,1623,10,3,16,5,N,A,N,A,H,A,A,07,N,05,F,,,,,A,Y,F,D,3,0,0,0,21460.0,3,37.71964108,-120.44329557,1
2017,2017-02-14,1926,2,4,19,2,Y,A,Y,A,H,C,D,22,,09,A,,,Y,,C,Y,N,A,2,0,0,2,21802.0,2,37.93521422,-120.44302699,2
2019,2019-05-20,1219,5,1,12,1,N,A,Y,A,H,A,A,01,S,03,C,,,,,C,N,N,D,1,0,0,0,22350.0,2,37.874881744384766,-120.43475341796876,3
2017,2017-02-19,1445,2,4,14,7,N,B,Y,B,H,A,A,01,N,09,A,,,,,C,Y,N,D,1,0,0,0,21804.0,2,37.96352186,-120.39842673,3
2017,2017-02-21,1420,2,4,14,2,N,B,N,B,H,A,-,- ,S,18,E,,,,,J,N,N,D,1,0,0,0,,1,37.96808019,-120.28404,3
2017,2017-02-17,1500,2,4,15,5,N,B,Y,B,H,A,D,22,E,01,F,,,,,A,Y,N,D,1,0,0,0,23152.0,1,38.12311725,-120.11191619,2
2017,2017-02-13,2103,2,4,21,1,N,B,Y,A,H,D,A,01,E,01,E,,,,,I,Y,N,D,1,0,0,0,23152.0,1,37.83369314,-120.2423549,2
2017,2017-02-17,1425,2,4,14,5,N,B,N,B,H,A,D,22,S,03,B,,,,,C,Y,N,D,1,0,0,0,22350.0,3,37.89169748,-120.56574903,4
2017,2017-02-20,2040,2,4,20,1,N,B,N,B,H,D,D,22,W,08,E,,,,,I,Y,N,D,1,0,0,0,22107.0,1,38.03117166,-120.23528245,3
2017,2017-02-20,1730,2,4,17,1,N,B,Y,B,H,D,D,22,W,03,F,,,,,A,Y,N,D,1,0,0,0,22350.0,1,37.84846549,-120.58111466,3
2017,2017-02-21,930,2,4,9,2,Y,B,N,B,H,A,A,07,,03,C,,,,,C,Y,N,D,1,0,0,0,22350.0,3,37.96037993,-120.29476995,4
2017,2017-02-23,2055,2,4,20,4,N,A,N,B,D,D,A,01,W,03,C,,,,,C,Y,N,A,2,0,0,0,22350.0,2,37.97072079,-120.33817648,4
2017,2017-02-24,510,2,4,5,5,N,A,N,C,H,D,A,07,S,08,F,,,,,A,Y,N,D,1,0,0,0,22107.0,1,37.85348087,-120.22565348,4
2017,2017-02-26,850,2,4,8,7,Y,A,N,A,H,A,A,07,,12,D,,,,,C,N,N,A,1,0,0,0,21453.0,2,37.97617262,-120.35675526,4
2017,2017-02-26,1105,2,4,11,7,N,A,Y,A,H,A,A,07,N,03,C,,,,,C,Y,N,D,1,0,0,0,22350.0,2,,,4
2017,2017-02-23,1000,2,4,10,4,N,A,Y,A,H,D,A,07,W,08,F,,,,,A,Y,N,D,1,0,0,0,22107.0,1,37.84854532,-120.58129931,4
2017,2017-02-24,1505,2,4,15,5,N,B,Y,A,H,A,A,01,N,08,E,,,,,I,Y,N,D,2,0,0,0,22107.0,1,37.89581459,-120.45074007,3
2017,2017-02-28,1500,2,4,15,2,N,A,N,A,E,A,L,04,S,09,H,,Y,,,G,N,N,D,1,0,1,0,21661.0,2,37.87509282,-120.30143215,2
2017,2017-02-22,2030,2,4,20,3,N,B,N,B,H,D,A,01,E,03,E,,,,,I,Y,N,D,1,0,0,0,22350.0,1,38.02058,-120.41252,3
2017,2017-03-04,952,3,1,9,6,N,A,Y,A,H,A,D,22,E,08,E,,,,,I,Y,N,D,1,0,0,0,22107.0,1,37.84346647,-120.54190674,3
2017,2017-03-05,725,3,1,7,7,N,B,N,B,H,A,D,22,N,03,E,,,,,I,Y,N,D,1,0,0,0,22350.0,1,37.96371869,-120.26469008,2
2017,2017-03-05,935,3,1,9,7,N,B,Y,C,H,A,A,07,W,03,B,,,,,C,N,N,D,1,0,0,0,22350.0,3,38.03211608,-120.22635885,4
2017,2017-02-28,1248,2,4,12,2,N,A,N,A,H,A,A,07,N,01,B,,,,,E,Y,N,D,1,0,0,0,23152.0,2,38.03407654,-120.40196568,4