ACCIDENT_YEAR,COLLISION_DATE,COLLISION_TIME,MONTH,SEASON,24HOURS,DAY_OF_WEEK,INTERSECTION,WEATHER_1,STATE_HWY_IND,ROAD_SURFACE,ROAD_COND_1,LIGHTING,STWD_VEHTYPE_AT_FAULT,CHP_VEHTYPE_AT_FAULT,DIRECTION,PCF_VIOL_CATEGORY,TYPE_OF_COLLISION,PEDESTRIAN_ACCIDENT,BICYCLE_ACCIDENT,MOTORCYCLE_ACCIDENT,TRUCK_ACCIDENT,MVIW,TOW_AWAY,HIT_AND_RUN,CONTROL_DEVICE,NUMBER_INJURED,COUNT_PED_INJURED,COUNT_BICYCLIST_INJURED,COUNT_MC_INJURED,PCF_VIOLATION,PARTY_COUNT,POINT_Y,POINT_X,COLLISION_SEVERITY
2018,2018-12-10,2003,12,4,20,1,N,B,N,A,H,D,A,01,E,08,E,,,,,I,N,M,D,1,0,0,0,22107.0,1,37.87376403808594,-120.38497924804688,4
2018,2018-12-19,1520,12,4,15,3,N,A,N,A,H,A,D,22,E,21,C,,,,,C,N,N,D,1,0,0,0,22106.0,2,37.975982666015625,-120.35572052001952,4
2018,2018-12-07,2050,12,4,20,5,N,A,Y,A,H,D,A,01,E,08,E,,,,,I,Y,N,D,2,0,0,0,22107.0,1,37.84459686279297,-120.61774444580078,2
2018,2018-12-12,1538,12,4,15,3,N,B,Y,A,H,A,A,01,S,03,C,,,,,C,Y,N,D,1,0,0,0,22350.0,3,37.9424057006836,-120.43091583251952,4
2018,2018-12-20,920,12,4,9,4,Y,A,N,A,H,A,A,01,,09,A,,,,Y,C,Y,N,A,2,0,0,0,21802.0,3,37.96025848388672,-120.41828918457033,3
2018,2018-12-17,2045,12,4,20,1,N,A,Y,A,H,D,A,01,E,08,E,,,,,I,Y,N,D,1,0,0,0,22107.0,1,37.88161087036133,-120.47858428955078,3
2018,2018-12-25,1135,12,4,11,2,N,A,Y,C,H,A,D,22,W,03,F,,,,,A,Y,N,D,2,0,0,0,22350.0,1,38.15523147583008,-120.06071472167967,4
2018,2018-12-20,750,12,4,7,4,N,A,Y,A,H,A,-,- ,W,18,H,,,,,H,Y,N,D,1,0,0,0,,1,37.964820861816406,-120.3869171142578,3
2018,2018-12-30,1000,12,4,10,7,N,A,N,B,H,A,A,01,N,03,F,,,,,A,Y,N,D,1,0,0,0,22350.0,1,38.05215835571289,-120.41636657714844,3
2018,2018-12-27,1110,12,4,11,4,N,A,N,A,H,A,A,07,N,03,C,,,,,C,Y,N,D,3,0,0,0,22350.0,2,37.890228271484375,-120.54586029052734,4
2018,2018-12-29,1913,12,4,19,6,N,A,N,A,H,D,D,22,S,08,F,,,,,A,Y,N,D,1,0,0,0,22107.0,1,37.98716735839844,-120.33079528808594,3
2018,2018-12-26,1427,12,4,14,3,Y,A,N,A,H,A,D,22,,09,D,,,,,C,Y,N,A,1,0,0,0,21802.0,2,38.00468063354492,-120.40606689453124,4
2018,2018-12-30,2216,12,4,22,7,N,A,Y,A,H,D,D,22,E,01,E,,,,,I,Y,N,D,1,0,0,0,23152.0,1,37.97063446044922,-120.36687469482422,3
2019,2019-12-05,1720,12,4,17,4,N,A,N,A,H,C,A,01,N,10,G,Y,,,,B,N,N,D,1,1,0,0,21950.0,2,37.97759246826172,-120.38042449951172,3
2019,2019-01-05,1050,1,4,10,6,N,B,N,A,H,A,A,01,S,09,D,,,,,C,Y,N,A,1,0,0,0,21804.0,2,37.97483444213867,-120.23983764648438,4
2019,2019-01-04,1732,1,4,17,5,Y,A,N,A,H,D,A,01,,03,C,,,,,C,Y,N,D,2,0,0,0,22350.0,2,37.95159912109375,-120.39185333251952,3
2019,2019-01-07,1241,1,4,12,1,N,A,N,B,H,A,A,01,E,08,E,,,,,I,Y,N,D,1,0,0,0,22107.0,1,38.01953125,-120.38824462890624,3
2019,2019-01-07,1715,1,4,17,1,N,B,Y,A,H,D,D,23,N,03,C,,,,,C,N,N,D,1,0,0,0,22350.0,2,37.94026184082031,-120.4341278076172,4
2019,2019-01-07,1300,1,4,13,1,N,B,Y,B,H,A,A,07,W,21,F,,,,,A,Y,N,D,1,0,0,0,22106.0,1,38.24382019042969,-119.99868774414062,4
2019,2019-01-07,2245,1,4,22,1,N,A,Y,A,H,D,A,07,W,08,E,,,,,I,Y,N,D,1,0,0,0,22107.0,1,37.84374237060546,-120.53298950195312,4
2019,2019-01-06,911,1,4,9,7,N,A,N,B,H,A,A,01,E,01,E,,,,,I,Y,N,D,1,0,0,0,23152.0,1,37.8582763671875,-120.18149566650392,2
2019,2019-01-15,1622,1,4,16,2,N,B,N,B,H,A,A,01,S,03,B,,,,,C,N,N,D,1,0,0,0,22350.0,2,37.964179992675774,-120.44441223144533,4
2018,2018-11-14,705,11,3,7,3,N,A,Y,A,H,A,A,01,S,09,D,,,,Y,C,Y,N,D,0,0,0,0,21804.0,2,37.96475982666016,-120.39542388916016,1
2019,2019-01-10,2205,1,4,22,4,Y,E,Y,B,H,C,A,01,,08,E,,,,,J,Y,N,D,2,0,0,0,22107.0,1,37.8434944152832,-120.50791168212892,3
2019,2019-01-10,1740,1,4,17,4,N,B,N,A,H,C,A,01,W,03,C,,,,,C,Y,N,A,3,0,0,0,22350.0,3,37.96559524536133,-120.23976135253906,3
2019,2019-01-15,2220,1,4,22,2,N,C,N,B,H,D,A,01,N,01,E,,,,,I,Y,N,D,1,0,0,0,23152.0,1,37.94873809814453,-120.27886962890624,2
2019,2019-01-21,720,1,4,7,1,N,B,Y,C,H,A,A,07,W,08,F,,,,,A,Y,N,D,1,0,0,0,22107.0,1,38.06421661376953,-120.19565582275392,2
2019,2019-01-19,1815,1,4,18,6,N,A,Y,A,H,C,D,22,S,03,C,,,,,C,Y,N,D,4,0,0,0,22350.0,3,37.96432495117188,-120.39647674560548,4
2018,2018-07-15,1612,7,2,16,7,Y,A,Y,A,H,A,A,01,,09,D,,,,,C,Y,N,A,4,0,0,0,21802.0,2,37.891216278076165,-120.48834228515624,1
2019,2019-01-22,2300,1,4,23,2,N,A,Y,A,H,D,-,- ,N,18,H,,,,,H,Y,N,D,1,0,0,0,,2,37.92952728271485,-120.4450912475586,4
2019,2019-01-23,540,1,4,5,3,N,A,Y,A,H,C,A,07,W,08,B,,,,,C,Y,N,D,1,0,0,0,22107.0,2,37.97314834594727,-120.36132049560548,4
2019,2019-01-24,1325,1,4,13,4,N,A,Y,A,H,A,C,02,W,08,F,,,Y,,A,Y,N,D,1,0,0,1,22107.0,1,37.813621520996094,-120.12114715576172,2
2020,2020-02-05,638,2,4,6,3,N,A,Y,A,H,C,D,22,N,03,C,,,,,C,Y,N,D,2,0,0,0,22350.0,3,37.98904037475586,-120.38459777832033,3
2020,2020-02-05,1427,2,4,14,3,N,A,N,A,H,A,D,22,W,03,C,,,,,C,Y,N,A,2,0,0,0,22350.0,2,37.976749420166016,-120.37931060791016,3
2020,2020-02-24,755,2,4,7,1,N,A,Y,A,H,A,D,72,E,10,G,Y,,,,B,N,N,D,1,1,0,0,21950.0,2,37.983501434326165,-120.38223266601562,3
2020,2020-02-26,1450,2,4,14,3,N,A,Y,A,H,A,A,01,N,03,C,,,,,C,N,N,D,2,0,0,0,22350.0,2,37.96782684326172,-120.3783950805664,3
2019,2019-01-25,250,1,4,2,5,N,A,Y,B,H,D,A,01,S,08,E,,,,,I,Y,N,D,5,0,0,0,22107.0,1,37.99351501464844,-120.43596649169922,2
2019,2019-01-26,1129,1,4,11,6,N,A,Y,A,H,A,C,02,W,08,E,,,Y,,I,N,N,D,3,0,0,3,22107.0,2,37.84325408935546,-120.50820922851562,4
2019,2019-02-02,1112,2,4,11,6,N,B,Y,B,H,A,A,01,S,08,E,,,,,I,N,N,D,1,0,0,0,22107.0,1,37.98931884765625,-120.47200775146484,4
2019,2019-02-01,1730,2,4,17,5,N,B,Y,B,H,D,A,01,S,03,C,,,,,C,Y,N,D,2,0,0,0,22350.0,3,37.96117782592773,-120.41276550292967,4
2019,2019-02-02,1620,2,4,16,6,N,B,N,C,H,A,A,07,N,08,E,,,,,I,Y,N,D,1,0,0,0,22107.0,1,37.87387847900391,-120.39019012451172,4
2019,2019-01-18,1058,1,4,10,5,Y,B,N,B,H,A,A,01,,09,D,,,,,C,Y,N,D,1,0,0,0,21804.0,2,38.01953887939453,-120.39008331298828,4
2019,2019-01-31,630,1,4,6,4,Y,A,Y,A,H,C,A,01,,03,C,,,,,C,Y,N,A,1,0,0,0,22350.0,2,37.95662307739258,-120.42156219482422,4
2019,2019-02-01,116,2,4,1,5,N,A,Y,A,H,D,D,22,E,01,F,,,,,A,Y,N,D,1,0,0,0,23152.0,1,37.8800163269043,-120.45668029785156,4
2019,2019-02-03,520,2,4,5,7,N,C,N,B,H,C,A,08,W,08,E,,,,,I,Y,N,A,1,0,0,0,22107.0,1,37.95743560791016,-120.31197357177734,2
2019,2019-02-07,1115,2,4,11,4,N,A,N,C,H,A,D,22,N,03,F,,,,,A,N,N,D,1,0,0,0,22350.0,1,38.04073333740234,-120.20344543457033,4
2019,2019-02-04,2045,2,4,20,1,N,B,Y,B,H,C,A,01,N,03,E,,,,,I,Y,N,D,3,0,0,0,22350.0,1,37.959354400634766,-120.41632080078124,4
2018,2018-11-16,1042,11,3,10,5,N,A,Y,A,H,A,A,01,E,05,A,,,,,C,Y,N,A,1,0,0,0,21460.0,2,37.8135986328125,-120.11843872070312,1
2019,2019-02-06,952,2,4,9,3,Y,B,Y,B,H,A,A,01,,09,D,,,,,C,Y,N,A,2,0,0,0,21802.0,2,38.01155471801758,-120.404052734375,3
2019,2019-02-07,2310,2,4,23,4,N,A,Y,C,H,D,A,07,W,01,D,,,,,C,Y,N,D,1,0,0,0,23152.0,2,38.07445907592773,-120.17325592041016,4
2019,2019-02-02,415,2,4,4,6,N,C,Y,B,H,D,A,01,W,01,E,,,,,I,Y,N,D,1,0,0,0,23152.0,1,38.06560516357422,-120.18466949462892,3
2019,2019-02-07,1100,2,4,11,4,N,A,Y,A,H,A,D,22,S,21,C,,,,,C,N,N,A,1,0,0,0,22106.0,2,37.97602081298828,-120.35907745361328,4
2019,2019-02-10,1538,2,4,15,7,N,B,Y,B,H,A,D,22,N,03,C,,,,,C,Y,N,A,1,0,0,0,22350.0,3,,,4
2019,2019-02-10,1950,2,4,19,7,N,A,N,C,G,D,-,- ,E,18,F,,,,,A,Y,N,D,2,0,0,0,,1,37.96315383911133,-120.28376007080078,3
2019,2019-02-09,2110,2,4,21,6,N,D,Y,C,H,D,D,22,E,03,D,,,,,C,N,N,D,1,0,0,0,22350.0,2,38.14223861694336,-120.08789825439452,4
2019,2019-02-09,2350,2,4,23,6,N,A,N,B,A,D,A,01,W,03,E,,,,,I,Y,M,D,1,0,0,0,22350.0,1,37.86345672607422,-120.22491455078124,3
2019,2019-02-22,2130,2,4,21,5,N,A,Y,A,H,D,A,01,E,01,E,,,,,I,Y,F,D,2,0,0,0,23152.0,1,37.8382682800293,-120.22176361083984,2
2019,2019-02-12,1700,2,4,17,2,N,B,N,A,H,B,A,01,W,08,E,,,,,I,Y,N,D,1,0,0,0,22107.0,2,38.00729751586913,-120.40882110595705,2
2019,2019-02-20,1829,2,4,18,3,N,C,Y,B,H,D,A,07,N,08,F,,,,,A,Y,N,D,1,0,0,0,22107.0,1,37.75465774536133,-120.24866485595705,4
2019,2019-02-21,1655,2,4,16,4,N,A,Y,C,H,A,A,07,E,08,E,,,,,J,Y,N,C,6,0,0,0,22107.0,1,38.09370040893555,-120.13379669189452,4
2019,2019-02-23,1526,2,4,15,6,N,A,N,A,H,A,C,06,N,01,E,,,Y,,I,Y,N,D,1,0,0,1,23152.0,1,37.97599029541016,-120.27291107177734,4
2019,2019-03-01,1400,3,1,14,5,N,A,Y,A,H,A,A,01,E,08,D,,,,,C,Y,N,D,2,0,0,0,22107.0,2,37.965042114257805,-120.38916015625,3
2019,2019-01-11,2200,1,4,22,5,N,A,N,A,H,D,G,76,S,08,F,,,,Y,A,N,N,D,1,0,0,0,22107.0,1,37.882278442382805,-120.29544830322266,3
2019,2019-02-28,2500,2,4,25,4,N,B,N,B,H,D,D,22,S,01,E,,,,,I,Y,N,D,1,0,0,0,23152.0,1,38.03179931640625,-120.23473358154295,3
2019,2019-03-06,1750,3,1,17,3,Y,B,N,B,H,B,A,01,,09,D,,,,,C,Y,N,D,1,0,0,0,21804.0,2,37.977481842041016,-120.3171615600586,3
2019,2019-03-10,1503,3,1,15,7,N,B,Y,A,H,A,A,01,E,03,E,,,,,I,Y,N,D,1,0,0,0,22350.0,1,37.976459503173835,-120.35777282714844,2
2019,2019-03-10,1040,3,1,10,7,Y,A,N,A,H,A,A,07,,09,D,,,,,C,Y,N,D,1,0,0,0,21801.0,2,37.96900177001953,-120.3352508544922,4
2019,2019-03-14,1235,3,1,12,4,N,A,N,A,H,A,D,22,W,03,C,,,,,C,Y,N,D,1,0,0,0,22350.0,2,37.95743179321289,-120.3123016357422,4
2019,2019-03-07,1607,3,1,16,4,N,B,Y,B,H,A,A,01,W,07,C,,,,,C,Y,N,A,1,0,0,0,21658.0,2,37.843765258789055,-120.53507232666016,4
2019,2019-03-11,740,3,1,7,1,N,A,Y,A,H,A,A,01,W,08,F,,,,,A,Y,N,D,1,0,0,0,22107.0,1,37.82895660400391,-120.63442230224608,4
2019,2019-03-17,2150,3,1,21,7,N,B,N,A,H,D,A,01,S,01,E,,,,,I,Y,N,D,1,0,0,0,23152.0,1,38.00531768798828,-120.2663345336914,3
2019,2019-03-13,2020,3,1,20,3,Y,A,N,A,H,C,A,08,,09,A,,,,,C,Y,N,A,2,0,0,0,21802.0,2,37.96310043334961,-120.2844467163086,3
2019,2019-03-14,1020,3,1,10,4,N,A,N,A,H,A,-,- ,N,18,H,,,Y,,H,N,N,D,1,0,0,1,,1,37.657936096191406,-120.31236267089844,2
2019,2019-03-17,1840,3,1,18,7,N,A,Y,A,H,A,-,- ,W,18,H,,,,,H,Y,N,D,1,0,0,0,,1,37.82501602172852,-120.17244720458984,4
2019,2019-03-19,1705,3,1,17,2,Y,B,N,A,H,A,A,01,,09,B,,,,,C,Y,N,D,1,0,0,0,21801.0,2,37.971654,-120.236791,4
2019,2019-03-20,1840,3,1,18,3,N,B,N,B,H,A,A,01,N,01,A,,,,,C,Y,N,D,3,0,0,0,23152.0,2,37.971389770507805,-120.41670989990234,2
2019,2019-01-26,1806,1,4,18,6,N,B,Y,A,H,D,A,01,E,01,A,,,,,C,Y,N,D,3,0,0,0,23152.0,3,37.85865783691406,-120.51197814941406,1
2019,2019-03-18,1110,3,1,11,1,N,A,N,A,H,A,A,08,S,03,C,,,,,C,Y,N,D,2,0,0,0,22350.0,4,38.01710891723633,-120.39601135253906,4
2019,2019-03-24,1635,3,1,16,7,Y,B,N,A,H,A,A,07,,09,D,,,,,C,Y,N,A,1,0,0,0,21800.0,2,37.99795150756836,-120.27017211914062,4
2019,2019-03-23,1725,3,1,17,6,N,D,Y,C,H,A,A,07,W,08,E,,,,,I,Y,N,D,5,0,0,0,22107.0,1,38.089622497558594,-120.1442413330078,2
2019,2019-02-26,110,2,4,1,2,N,B,Y,A,H,D,A,01,E,01,E,,,,,I,Y,N,D,1,0,0,0,23152.0,1,37.82396697998047,-120.25738525390624,4
2019,2019-03-19,1305,3,1,13,2,Y,A,Y,A,H,A,A,01,,09,D,,,,,C,Y,N,A,2,0,0,0,21802.0,2,38.039207458496094,-120.21759033203124,4
2019,2019-03-28,1105,3,1,11,4,N,A,N,A,H,A,A,07,W,03,C,,,,,C,Y,N,A,3,0,0,0,22350.0,4,37.973731994628906,-120.34335327148438,4
2019,2019-04-03,1055,4,1,10,3,N,A,N,A,H,A,A,01,E,09,D,,,,,C,Y,N,D,1,0,0,0,21804.0,2,37.97715759277344,-120.3223876953125,2
2019,2019-03-25,1710,3,1,17,1,N,A,N,A,H,A,D,22,W,08,F,,,,,A,Y,N,D,1,0,0,0,22107.0,1,38.03758239746094,-120.35083770751952,2
2019,2019-04-05,520,4,1,5,5,N,A,N,A,H,D,A,01,W,01,E,,,,,I,Y,N,D,1,0,0,0,23152.0,1,37.96561050415039,-120.27278900146484,3
2019,2019-04-01,2038,4,1,20,1,N,B,Y,B,H,D,-,- ,W,18,H,,,,,A,Y,N,D,1,0,0,0,,1,37.81999588012695,-120.32524871826172,3
2019,2019-04-03,1908,4,1,19,3,N,B,Y,A,H,A,A,01,W,09,D,,,,,C,Y,N,A,5,0,0,0,21801.0,2,37.979148864746094,-120.33995819091795,3
2019,2019-04-06,1530,4,1,15,6,N,A,Y,A,H,A,A,01,E,03,C,,,,,C,N,N,A,1,0,0,0,22350.0,2,37.95872497558594,-120.41747283935548,4
2019,2019-04-10,620,4,1,6,3,N,A,N,A,H,B,A,01,W,03,C,,,,,C,Y,N,D,1,0,0,0,22350.0,2,37.9655876159668,-120.2726821899414,4
2019,2019-04-10,1110,4,1,11,3,N,A,Y,A,H,A,A,07,E,08,F,,,,,A,Y,N,D,1,0,0,0,22107.0,1,38.008338928222656,-120.25823211669922,3
2019,2019-04-05,1518,4,1,15,5,N,B,Y,B,H,A,A,01,N,08,E,,,,,I,Y,N,D,1,0,0,0,22107.0,1,37.990768432617195,-120.46183776855467,4
2019,2019-04-13,1500,4,1,15,6,N,A,Y,A,H,A,A,07,N,03,C,,,,,C,N,N,A,1,0,0,0,22350.0,3,37.95877456665039,-120.41742706298828,4
2019,2019-04-12,915,4,1,9,5,N,B,N,A,H,A,A,01,S,05,B,,,,,C,Y,N,D,3,0,0,0,21460.0,2,38.0196533203125,-120.38745880126952,3
2019,2019-04-16,1610,4,1,16,2,N,A,Y,A,H,A,D,22,N,03,C,,,,,C,N,N,A,1,0,0,0,22350.0,3,37.95725631713867,-120.42034149169922,4
2019,2019-04-22,1125,4,1,11,1,N,A,N,A,H,A,A,01,S,08,E,,,,,I,Y,N,D,1,0,0,0,22107.0,2,38.0081787109375,-120.27088928222656,4
2019,2019-04-19,2016,4,1,20,5,Y,A,N,A,B,D,C,02,,08,F,,,Y,,A,Y,N,D,2,0,0,2,22107.0,1,37.96524810791016,-120.27108764648438,3
2019,2019-04-23,535,4,1,5,2,N,A,N,A,H,D,D,22,N,08,E,,,,,I,Y,N,D,1,0,0,0,22107.0,1,37.96959686279297,-120.41680145263672,4
2019,2019-04-25,1352,4,1,13,4,N,A,Y,A,H,A,A,07,E,06,B,,,,,C,Y,F,A,1,0,0,0,21750.0,2,37.82027053833008,-120.28972625732422,3
2019,2019-04-24,730,4,1,7,3,N,A,Y,A,H,A,A,01,S,03,C,,,,,C,Y,N,D,1,0,0,0,22350.0,2,37.99101257324219,-120.43938446044922,4
2019,2019-04-21,1850,4,1,18,7,N,A,Y,A,H,A,D,22,S,09,D,,,,,C,Y,N,D,1,0,0,0,21804.0,2,37.98968505859375,-120.4473114013672,4
2019,2019-04-27,1020,4,1,10,6,N,A,N,A,H,A,A,07,E,05,A,,,,,C,Y,N,D,1,0,0,0,21460.0,2,37.998512268066406,-120.27174377441406,3
2019,2019-04-22,1735,4,1,17,1,N,A,N,A,H,A,A,07,S,01,E,,,,,I,Y,N,D,1,0,0,0,23152.0,1,38.04515075683594,-120.26571655273438,3
2019,2019-04-27,855,4,1,8,6,N,A,Y,A,H,A,A,08,E,08,E,,,,,I,Y,N,D,1,0,0,0,22107.0,1,37.847671508789055,-120.38732147216795,3
2019,2019-04-24,1600,4,1,16,3,N,A,N,A,H,A,D,22,W,01,A,,,,,C,Y,N,D,3,0,0,0,23152.0,2,37.96623229980469,-120.33158111572266,2
2019,2019-04-24,955,4,1,9,3,N,A,N,A,H,A,A,07,S,03,C,,,,,C,Y,N,D,1,0,0,0,22350.0,2,37.89980316162109,-120.5660400390625,4
2019,2019-04-27,1840,4,1,18,6,N,A,N,A,B,A,L,04,N,08,F,,Y,,,A,N,N,D,1,0,1,0,22107.0,1,37.83637237548828,-120.2604522705078,3
2019,2019-04-28,1722,4,1,17,7,N,A,Y,A,H,A,C,02,N,08,E,,,Y,,I,Y,N,D,1,0,0,1,22107.0,1,37.75852584838867,-120.25139617919922,3
2019,2019-04-29,1642,4,1,16,1,Y,A,N,A,H,A,A,08,,09,D,,,,,C,Y,N,A,1,0,0,0,21801.0,2,37.96442031860352,-120.23622894287108,4
2019,2019-04-26,1828,4,1,18,5,N,A,Y,A,H,A,A,01,N,03,C,,,,,C,Y,N,D,2,0,0,0,22350.0,3,37.95714569091797,-120.42055511474608,4
2019,2019-04-18,1512,4,1,15,4,N,A,Y,A,H,A,A,07,S,03,C,,,,,C,Y,N,D,2,0,0,0,22350.0,3,37.96066665649414,-120.41375732421876,4
2019,2019-05-01,815,5,1,8,3,N,A,N,A,H,A,D,22,E,21,C,,,,,C,N,N,A,2,0,0,0,22106.0,2,37.98569488525391,-120.366943359375,4
2019,2019-05-01,1255,5,1,12,3,N,A,N,A,H,A,A,01,S,08,E,,,,,I,Y,N,D,1,0,0,0,22107.0,1,37.964031219482415,-120.42962646484376,4
2019,2019-05-01,1455,5,1,14,3,N,A,N,A,H,A,A,01,S,08,E,,,,,I,Y,N,D,2,0,0,0,22107.0,1,37.88903427124024,-120.56166839599608,3
2019,2019-04-28,2010,4,1,20,7,N,A,Y,A,H,D,A,07,W,03,C,,,,,C,Y,N,D,4,0,0,0,22350.0,5,37.89683532714844,-120.48152160644533,2
2019,2019-05-02,2200,5,1,22,4,N,A,Y,A,H,D,N,60,S,11,E,Y,,,,J,N,N,D,1,1,0,0,21954.0,2,37.96263122558594,-120.40708160400392,3
2019,2019-05-02,2258,5,1,22,4,N,A,N,A,H,D,A,01,S,08,E,,,,,I,Y,N,D,2,0,0,0,22107.0,1,37.890113830566406,-120.56279754638672,3
2019,2019-05-03,1450,5,1,14,5,N,A,N,A,H,A,A,01,N,08,E,,,,,I,Y,N,D,1,0,0,0,22107.0,1,37.96345138549805,-120.30900573730467,3
2019,2019-05-04,1134,5,1,11,6,N,A,Y,A,H,A,C,02,W,08,F,,,Y,,A,Y,N,D,1,0,0,1,22107.0,1,37.8470115661621,-120.56957244873048,2
2019,2019-05-04,1530,5,1,15,6,N,A,N,A,H,A,-,- ,S,05,A,,,,,C,N,N,D,1,0,0,0,21650.0,2,37.9401741027832,-120.27318572998048,3
2019,2019-05-05,1037,5,1,10,7,N,A,Y,A,H,A,C,02,N,08,E,,,Y,,I,N,N,D,1,0,0,1,22107.0,1,37.758888244628906,-120.25196838378906,2
2019,2019-05-11,1245,5,1,12,6,N,A,N,A,H,A,A,07,W,08,F,,,,,I,Y,N,D,1,0,0,0,22107.0,1,37.9630012512207,-120.25493621826172,3
2019,2019-05-15,817,5,1,8,3,Y,B,N,B,H,A,A,08,,09,A,,,,,C,Y,N,D,1,0,0,0,21801.0,2,38.01539993286133,-120.39633941650392,3
2020,2020-02-04,1739,2,4,17,2,Y,A,Y,A,H,C,A,01,,09,D,,,,,C,N,N,D,1,0,0,0,21800.0,2,37.99374771118164,-120.38340759277344,4
2020,2020-02-05,1359,2,4,13,3,N,A,Y,A,H,A,A,01,N,08,H,,Y,,,G,N,N,D,1,0,1,0,22107.0,2,37.99059677124024,-120.38449096679688,3
2019,2019-05-08,945,5,1,9,3,N,A,N,A,H,A,G,27,S,05,B,,,,Y,C,N,N,D,1,0,0,0,21460.0,2,37.80407333374024,-120.47242736816406,3
2019,2019-05-09,1515,5,1,15,4,N,A,N,A,H,A,A,07,S,08,E,,,,,I,Y,N,D,2,0,0,0,22107.0,1,37.655437469482415,-120.3134536743164,2
2019,2019-05-09,1651,5,1,16,4,Y,B,Y,A,H,A,A,07,,09,D,,,,,C,Y,N,D,1,0,0,0,21802.0,2,37.98349380493164,-120.29213714599608,3
2019,2019-05-11,1832,5,1,18,6,N,A,Y,A,H,A,A,07,S,01,F,,,,,A,Y,N,D,1,0,0,0,23152.0,1,37.95378875732422,-120.42456817626952,3
2019,2019-05-11,1500,5,1,15,6,N,A,Y,A,H,A,C,02,N,08,E,,,Y,,I,N,N,D,1,0,0,1,22107.0,1,37.7712516784668,-120.25910186767578,2
2019,2019-05-14,1945,5,1,19,2,Y,A,N,A,H,A,D,22,,09,A,,,,,C,Y,N,A,1,0,0,0,21453.0,2,37.978828430175774,-120.33538818359376,4
2019,2019-05-14,1635,5,1,16,2,N,A,N,A,B,A,C,02,N,03,F,,,Y,,A,N,N,A,1,0,0,1,22350.0,1,37.885589599609375,-120.49932098388672,3
2019,2019-05-15,2150,5,1,21,3,N,B,Y,B,H,D,A,01,S,08,E,,,,,I,Y,N,D,1,0,0,0,22107.0,1,37.99349212646485,-120.43601989746094,3
2019,2019-05-19,1211,5,1,12,7,N,B,Y,C,H,A,A,07,E,03,C,Y,,,,E,Y,N,D,1,1,0,0,22350.0,3,38.09097671508789,-120.14772033691406,4
2019,2019-05-23,1059,5,1,10,4,N,B,N,A,H,A,A,07,N,08,F,,,,,A,N,N,D,1,0,0,0,22107.0,1,37.964691162109375,-120.23802185058594,3
2019,2019-05-21,720,5,1,7,2,N,B,N,B,H,A,D,22,S,05,D,,,,,C,N,N,D,1,0,0,0,21460.0,2,37.97767639160156,-120.3151626586914,4
2019,2019-01-31,1815,1,4,18,4,N,A,Y,A,H,D,A,07,W,05,A,,,,,C,Y,N,D,1,0,0,0,21460.0,2,37.87993621826172,-120.45684814453124,1
2019,2019-05-21,1600,5,1,16,2,N,B,N,B,H,A,A,01,N,08,E,,,,,I,Y,N,D,2,0,0,0,22107.0,1,37.83245849609375,-120.48054504394533,3
2019,2019-05-16,1600,5,1,16,4,Y,B,Y,B,H,A,A,01,,09,D,,,,,C,Y,N,D,3,0,0,0,21801.0,2,38.065040588378906,-120.19336700439452,3